Date,Open,High,Low,Close,Volume,Returns,SMA20,SMA50,BB_Upper,BB_Lower,BB_Middle,MACD,Signal_Line,RSI,PriceRange,VWAP,VolumeRatio,Momentum1D,Momentum5D,Momentum10D,TrueRange,ATR14,UpperShadow,LowerShadow,BodySize,TrendStrength,VolatilityRegime
2024-07-08,-0.059540905896830254,-0.11443812034945766,-0.3025570374329203,-0.2017911589020176,1.0,-0.10175076970889185,-0.44169340843310345,-0.6948980926792167,-1.1113637329482848,0.1902176664321944,-0.44169340843310345,-0.050896954066853795,-0.09464055794880544,-1.3312127024749203,0.8364664645836575,-0.21748760710501858,-0.2882364847236064,-0.10175076970889196,0.024877035954102844,0.03295859125430689,-1.2612369282228038,-2.7163786620678705,-0.5882150679858065,0.733539892493293,-0.1701334793962992,-0.18743823036079443,-1.0
2024-07-09,-0.35534985286087295,-0.32061541654459513,-0.3700953612758918,-0.35603957407746445,1.0,-0.6921928886193756,-0.5518652923281558,-0.8339790195358086,-0.9934172871891616,-0.0618373809115379,-0.5518652923281558,-0.10273573753980769,-0.12426671169449355,-1.3312127024749203,-0.08281554335716312,-0.2706581184063176,-0.2882364847236064,-0.6921928886193756,0.024877035954102844,0.03295859125430689,-0.258137598858062,-1.0752790445828326,1.0177760488206222,-0.42215502889648326,-0.9620724776387501,-0.18743823036079443,-1.0
2024-07-10,-0.3239761803051108,-0.2710869345830059,-0.3607798065287837,-0.24506964554660327,0.7367543685967128,0.3361978019040903,-0.5357490950289252,-0.8136339407504094,-1.013364901767461,-0.02304703741223646,-0.5357490950289252,-0.10546537670496214,-0.13518209894310995,-0.23429068164734113,0.2109058933179564,-0.21748765044747942,-0.3800597176326269,0.3361978019040903,0.024877035954102844,0.03295859125430689,-0.2898147532831782,-0.5627956681271471,-0.15582835211355228,-0.15949644643285354,-0.448382704487304,-0.18743823036079443,-1.0
2024-07-11,-0.2746748419575128,-0.19276279255826234,-0.25015719948114923,-0.12966091987450767,1.0,0.34377759466131175,-0.48647567267319636,-0.7514311989223844,-0.9083076835471651,-0.02273087270205343,-0.48647567267319636,-0.0681963220801598,-0.1299900563246018,0.22801596119804346,-0.034975495060984296,-0.21748760950580337,-0.25413261327762104,0.3437775946613115,0.024877035954102844,0.03295859125430689,-0.4323606205863375,-0.4231585680278974,-0.8970537696407028,-0.829271148516511,-0.02030742841069577,-0.18743823036079443,-1.0
2024-07-12,-0.11444494927576943,0.08252532011621283,-0.0743245712582774,0.11558369476644459,1.0,0.8239936846703477,-0.3868452625211758,-0.6256578228381101,-0.5705397155326442,-0.1113789900101565,-0.3868452625211758,0.043620405644023696,-0.1013132774533525,0.6443186565907888,0.6526248694586343,-0.14082277658234754,-0.261109298528992,0.8239936846703477,0.024877035954102844,0.03295859125430689,0.032233163331407466,-0.03534074189686409,-0.5264410422412553,-0.9343365965632955,0.5361937375328052,-0.18743823036079443,-1.0
2024-07-15,0.04690490622099186,0.09634697968021855,0.08869822339935829,0.08895048288393825,0.4577155531010577,-0.19775835432995326,-0.3267659102642686,-0.5498136809262409,-0.46256312896082363,-0.09666096400196733,-0.3267659102642686,0.12119827003652972,-0.06741669754536539,0.5636836366640983,-0.4358027375203134,0.032290751882996016,-0.5061937754620065,-0.19775835432995348,0.44158905192183395,0.03295859125430689,-0.6435381315996063,-0.14532267532871823,0.21478436611836416,-0.881803873793141,-0.6624203352819161,-0.18743823036079443,-1.0
2024-07-16,0.0547483756445053,0.09807475214701866,0.05842276880594022,0.13555785286689992,0.29885143707986583,0.06708541293666648,-0.2743408586760564,-0.4836323240535676,-0.3731520193336475,-0.08039246256891219,-0.2743408586760564,0.19568094451142648,-0.03104277941437983,0.6121334784591939,-0.21661742875976875,0.00014131669777728284,-0.5576139668067089,0.06708541293666648,0.7513167428317988,0.03295859125430689,-0.4983539586027309,-0.15601676465201297,-0.6190903022519398,-0.44842140821653775,-0.4127102046059702,-0.18743823036079443,-1.0
2024-07-17,0.07603761565741629,0.0571845045708026,0.03804465143302482,-0.02091038991426375,0.516404490192022,-0.6637275727144833,-0.26296141875768897,-0.4692669252330931,-0.39311788785848434,-0.048813727596755285,-0.26296141875768897,0.1986415033093274,-0.003339346851759295,0.25673505720456324,-0.3649402307991495,-0.02149815899220142,-0.4204831323653262,-0.6637275727144833,0.348892362838481,0.03295859125430689,-0.5036331909939732,-0.1661965759995193,-0.011702089413119676,-0.9671708054788989,-0.4697856674140801,-0.18743823036079443,-1.0
2024-07-18,-0.12004775257466727,-0.14438596951183724,-0.1453566630487767,-0.1352096308186006,0.9693126113735786,-0.5243687966614378,-0.27225256509948337,-0.48099606336790013,-0.43002218049622354,-0.036696276208411316,-0.27225256509948337,0.15970435616295164,0.013262701438946811,0.069597194385556,-0.4722200048198302,-0.21625159050957543,-0.18029293824058246,-0.5243687966614379,0.017034511051815526,0.03295859125430689,-0.4165225034949096,-0.14244407080115118,-0.011702105225885773,-0.25142624366773925,-0.9834781500590996,-0.18743823036079443,-1.0
2024-07-19,-0.12452940745257801,-0.1939143186164648,-0.13836938510206986,-0.16739069557500053,-0.549341325446582,-0.2233569395414866,-0.2842825453270892,-0.49618270392417574,-0.46230288623495697,-0.032049738136147976,-0.2842825453270892,0.11598283073895166,0.021546920967788763,0.024610349906205364,-0.8778510801510316,-0.20883181622425073,-0.9961151824904141,-0.22335693954148672,-0.3570683764739122,0.03295859125430689,-0.9444696500421349,-0.29618943769287187,-0.8146936398138998,-0.7110800259111825,-0.8051129944556654,-0.18743823036079443,-1.0
2024-07-22,-0.15926455591894728,-0.06606090186438252,-0.13021813924770664,-0.004264257081985079,-0.4779556894085558,0.5185151042592195,-0.2729410729015026,-0.4818652352461268,-0.46613361524337626,-0.012022669045503864,-0.2729410729015026,0.1346487610405167,0.04275500308064384,0.20182576999003543,-0.006218010289888221,-0.20017602711082794,-0.9121150995008412,0.5185151042592198,-0.10155807251553972,0.24368857093383944,-0.39540446906703974,-0.2586562701460222,-0.9588199352396835,-0.8292761510253781,0.051040309854834875,-0.18743823036079443,-1.0
2024-07-23,0.017772514028882025,0.10440985724143692,0.02348930567741725,0.11891257810482059,-0.05638976912429183,0.35226858684071116,-0.24882667633283562,-0.45142323401328543,-0.4282696317219773,-0.0022149865960028325,-0.24882667633283562,0.1885550374471603,0.07604986343926701,0.30590442329725875,0.07799246605537102,-0.03695444697375638,-0.5914235300092454,0.35226858684071116,0.0024921277351346305,0.5553681582120262,-0.31093308506382145,-0.20434569119285295,-0.19700839513735202,-0.48781844766079696,-0.2842870770856101,-0.18743823036079443,-1.0
2024-07-24,0.040182199551515474,0.07561393103145764,0.08287599558309822,0.09116988145455562,-0.23245658039718475,-0.20169674503409263,-0.23147068118907,-0.4295130350970824,-0.41063648004147124,0.011695921710456192,-0.23147068118907,0.2187369206305072,0.11310654749736071,0.2713950321565832,-0.539174689392127,0.026108141635646565,-0.6662237347838128,-0.20169674503409263,0.18004641112338282,0.39472557808915165,-0.7121717844476197,-0.25938107177396497,-0.19700841709280947,-0.8949345512151895,-0.6053449069267746,-0.18743823036079443,-1.0
2024-07-25,0.05474854764410009,-0.009621412819665998,0.009516184504003045,-0.03866514944410182,-0.22519815285227351,-0.5718883916529456,-0.22984191843124946,-0.42745688586936326,-0.4260232506023576,0.02514080967915766,-0.22984191843124946,0.19567684915457417,0.14326754517756735,0.12749254417179445,-0.6296417970333102,-0.051792472018557745,-0.5956456848941954,-0.5718883916529456,0.1614783320841413,0.1286904077920079,-0.5854671647965677,-0.27694105008476344,-0.8146936349902942,-0.8555425140935603,-0.49119129062631484,-0.18743823036079443,-1.0
2024-07-26,-0.02368540512742834,0.06639922310100599,0.024653556697118884,0.08562159954556225,-0.44938811677766655,0.35933750805190945,-0.21659408765685395,-0.41073283143912986,-0.41485222633172847,0.03738910348829272,-0.21659408765685395,0.2165693493029277,0.16303580226896397,0.21954162399036092,-0.18741247364420455,-0.03571813150963232,-0.6960063756908006,0.35933750805190945,0.38509662378108844,0.002856433092102373,-0.4798767225192636,-0.2613119382780855,-0.2587824184184865,-0.9868643136570373,-0.23434505287102358,-0.18743823036079443,0.27353561844535834
2024-07-29,0.05811026960397747,-0.00386193884220154,0.0025292823218627802,-0.05420093943842241,1.0,-0.6085721663889636,-0.21748576150271104,-0.4118584800216095,-0.43020974027764547,0.04696892266896224,-0.21748576150271104,0.18289943742284565,0.17008831449556427,0.09274400560462959,-0.5419364930552466,-0.059211847280358665,0.47295054798720493,-0.6085721663889638,-0.04404168020700849,-0.11156876176998554,-0.5801857438537122,-0.29152896680326634,-0.773513571359763,-0.9606029595046999,-0.3699015715428158,-0.18743823036079443,0.29119225950622996
2024-07-30,-0.08867401067169345,-0.11789367224129044,-0.16282337811911674,-0.14408679606596975,-0.3179595250546713,-0.4361978530560048,-0.22582558500377992,-0.42238666871496044,-0.44638923372641337,0.04577418373056896,-0.22582558500377992,0.12364728845717665,0.1618547872939058,0.14843467518092845,-0.16455529496694343,-0.21748756153763327,-0.5782321765121137,-0.4361978530560048,-0.32989021104053196,-0.24696670809921561,-0.48515450292520745,-0.2762573599488013,-0.11464829074469662,-0.15949143782015018,-0.7266346220833835,-0.18743823036079443,0.3218413072197861
2024-07-31,-0.5200612446858719,-0.32867823029051946,-0.5028428238326452,-0.3549300893097057,1.0,-0.8998514028876234,-0.24997151238709525,-0.45286847443122147,-0.4336438580267683,-0.00013282336260866945,-0.24997151238709525,0.0043767420287679215,0.13965010848206627,-0.10288909700509019,0.9208924470924009,-0.2793138163594312,0.4911992385893882,-0.8998514028876233,-0.5799587528237693,-0.3112488117531924,0.6182532754258145,0.21836660637785554,0.853063632442719,-0.855537505673232,0.0938461996315767,-0.18743823036079443,0.6571484370816434
2024-08-01,-0.3508678021021462,-0.40124366740311646,-0.5331187890163354,-0.5236048097117143,0.20564612435484353,-0.7672858633062167,-0.2842574335238184,-0.49615100279725954,-0.38740593522340017,-0.08536377111478599,-0.2842574335238184,-0.14638582282226764,0.10466365974569691,-0.3074604587206605,0.5227819869515913,-0.35721521967533887,-0.09778280970629005,-0.7672858633062167,-0.6487494002317085,-0.3760877240637074,-0.10503210763923565,0.3314898092405689,-0.36172077743237063,-0.4746827465794371,0.04390417981407113,-0.18743823036079443,0.7814120258459076
2024-08-02,-0.5772066694393028,-0.6696208375700022,-0.7217602084249836,-0.6944993577194398,-0.560684005799639,-0.7997040094858636,-0.3273209004705483,-0.5505143002635597,-0.3146867844599682,-0.20284615695476071,-0.3273209004705483,-0.3208495544996075,0.054733231062217724,-0.636156161159765,-0.032065666635255896,-0.6453270123668384,-0.7730424737575925,-0.7997040094858636,-1.0339179302071202,-0.5256365324504664,-0.19478249868198239,0.3903741197954629,-1.0,-0.36962234847275477,-0.2985566487316226,-0.18743823036079443,0.8827597634577413
2024-08-05,-0.9178342824500374,-0.8827091297566038,-0.9267032870708726,-0.8875870333631383,-0.405438005037837,-0.9194107243416,-0.3794176385594641,-0.6162811943516521,-0.21898484932217133,-0.3504779265429091,-0.3794176385594641,-0.5193529047692698,-0.020019888525651175,-0.6973404054412999,-0.017241903610028086,-0.8740843609344364,-0.6405114042185844,-0.9194107243416001,-1.1361824370648657,-0.8744611221774692,-0.07863828251432226,0.4920779379296627,0.8324696368921685,-0.737341380021765,-0.7979795865265225,-0.3296917121642233,1.0288909491508842
2024-08-06,-0.8662919283521133,-0.8804053774241842,-0.8725562257209494,-0.8554055395716387,-0.5521603477652478,0.04044893554355711,-0.42387895986835,-0.6734313674235951,-0.1497244029855619,-0.4676285675006644,-0.42387895986835,-0.6587216004785643,-0.1168645529202681,-0.7126216607290615,-0.4626411079345998,-0.8716112064034534,-0.7424583756733928,0.04044893554355711,-0.9832941537785826,-0.9453162156972811,-0.7623273550068996,0.28194520259013856,0.2765505683830507,-0.743909221156861,-0.9192665833471664,-0.4531602328938732,0.8823783130953133
2024-08-07,-0.7979423965437765,-0.8896205117329758,-0.9936595813263412,-0.9963379923584819,-0.6792605193926539,-0.7200081950409254,-0.46743447907158053,-0.7366619031772145,-0.06305597403189844,-0.5957981163150339,-0.46743447907158053,-0.8083504651687148,-0.23426178627864824,-0.7074575273819659,0.43718523646249396,-0.8815039586966084,-0.8363810392736533,-0.7200081950409254,-0.9227281614487408,-1.064552668277407,-0.25549896097579194,0.32094642214135627,-0.8764676694003224,-0.8752360346327911,0.23653878113311544,-0.5944513161809232,0.9688637323276397
2024-08-08,-1.0007506099857995,-0.980614651783919,-0.9895838624625111,-0.9685952957082168,-0.5458119982917169,0.023910955169764936,-0.5166514292465427,-0.792538668132591,-0.010142634637960612,-0.7085574015576757,-0.5166514292465427,-0.9076255269834392,-0.36037047800943134,-0.6360414944377273,-0.3001327892202321,-0.9791891857902406,-0.690435881135328,0.023910955169764936,-0.655611810065271,-0.9285497002724978,-0.6910534219443429,0.16472621509199525,0.5853970828423682,-1.0,-0.7908434599265102,-0.716322268867361,0.855720776942432
2024-08-09,-1.0108348807181384,-1.0393581312265892,-1.0419841422158644,-1.007434985211568,-0.5895179427441029,-0.2765579523047651,-0.5763609397924632,-0.8467469336504123,0.01934330592312694,-0.8206318335154194,-0.5763609397924632,-0.9886948302689604,-0.49813351755605606,-0.6386404249404234,-0.3575266620934481,-1.0422522591531485,-0.7241767808088135,-0.2765579523047651,-0.47130992724064,-1.0712823774698674,-0.7227309383186498,0.015515279324316955,0.25596447105114506,-0.5272154793577322,-0.9763447388953898,-0.8348252239113814,0.7754216248135817
2024-08-12,-0.9996302965741585,-1.0762168068365952,-1.0128729712465194,-1.0196418918675125,-0.6918684302351907,-0.15718439160641418,-0.653583276170207,-0.8976319927745876,-0.013168302873763027,-0.9152536983611197,-0.653583276170207,-1.0456259270516892,-0.638555336472348,-0.8368653853481735,-0.9275359350082037,-1.0818212698094192,-0.7188390550514439,-0.1571843916064143,-0.19360666647510627,-0.9682054021917249,-1.0236604665071543,-0.24508871634149387,-0.5058470961810795,-0.9343365983207838,-0.8978636381777825,-0.943992529846155,0.6106060138067664
2024-08-13,-0.9727383785918264,-0.908049576064992,-0.9756105176419696,-0.8531865700361212,-0.4621958008553846,0.6562912152750104,-0.71767100047023,-0.9336301949816378,-0.07875240327979605,-0.9662833852912165,-0.71767100047023,-1.02295292036302,-0.7696130187540635,-0.7818489431198488,0.19758571684450033,-0.9012881704424228,-0.4430364380103565,0.6562912152750102,0.028521904214546145,-0.7151224785892605,-0.27925540298777785,-0.1461806352407009,-0.2587745659196794,-0.8292711465303118,-0.22721164620082823,-1.0013413406950242,0.6127969005508416
2024-08-14,-0.8181112924199623,-0.8182067804070081,-0.8137521017862528,-0.7577524314995806,-0.4290112467892002,0.3167023530629609,-0.7784373433726914,-0.9609106720180767,-0.17570005077515127,-0.9899056150785721,-0.7784373433726914,-0.9620387360257459,-0.8800753854104628,-0.6595099326224854,-0.4388473165073369,-0.8048389497380618,-0.23188443384985258,0.3167023530629607,0.4295187631940227,-0.41001513282118307,-0.6593772975638734,-0.22629775227217397,-0.42348700278873497,-0.8424018332242058,-0.5982115153523433,-1.0281817536242892,0.5299156912536152
2024-08-15,-0.722306795690711,-0.578584846412709,-0.7002148031264284,-0.5528366871929503,-0.23212362500521633,0.7779993392480657,-0.8146209811802385,-0.9735672500771146,-0.24464601079156045,-0.9959805478863186,-0.8146209811802385,-0.835063842478511,-0.9587920509057353,-0.3914868395489528,0.5764917175111233,-0.5475968567225806,0.11060413824676218,0.7779993392480655,0.7255202816796364,-0.0003148931996639348,-0.015092644947072076,-0.014647682541682028,0.05784203238371677,-1.0,0.10922637247081379,-0.9993393396576747,0.5887632598434698
2024-08-16,-0.5778225586145733,-0.605273498357793,-0.5735230926916273,-0.5338325774528595,-0.290168848338375,-0.023660921893844056,-0.8417368210937407,-0.984237695875124,-0.2931580338709353,-1.0027810423292984,-0.8417368210937407,-0.7202589384257414,-1.004444988814048,-0.49498486513727336,-0.6804192911793314,-0.5762480096937372,-0.01814593124075592,-0.023660921893844167,0.8301696184059872,0.22258015258993735,-0.8570242410517436,-0.19853082958285784,-0.7718359928714795,-0.7353958689202715,-0.6885813324660962,-0.96751354318284,0.4747643104911241
2024-08-19,-0.5699210909227391,-0.5460952141367881,-0.5500614725296161,-0.4689929318741217,-0.5396190280011045,0.16362650691556269,-0.8622529454816955,-0.9904478637734323,-0.3336731928771265,-1.0052120102210795,-0.8622529454816955,-0.6008931417930428,-1.013765128819982,-0.3527488376423571,-0.39851964124616346,-0.5127181589813292,-0.34161404250676386,0.16362650691556246,0.9638272477632788,0.548459048814006,-0.6921497759929978,-0.28596571428097206,-0.9170377440747709,-0.9073893112692937,-0.3220197404316709,-0.9210315724972904,0.4045664762614525
2024-08-20,-0.5168676392855882,-0.5437740903273801,-0.53363812652933,-0.5226532098606358,-0.5210845111815299,-0.3184438823396034,-0.8975157219353821,-0.9992938823521422,-0.4184151780433957,-0.9986302328825843,-0.8975157219353821,-0.5191389579623338,-0.9978106771512898,-0.3305914719139823,-0.5175657141745547,-0.5102263555936879,-0.3200794502543457,-0.3184438823396035,0.5675404213103954,0.4397978825631985,-0.7559720497310578,-0.38958663895453804,0.12007361257752236,-0.47079170226579503,-1.0048309794430064,-0.892678443035843,0.3596895625549006
2024-08-21,-0.5236408036340376,-0.48343548926762625,-0.5289460084851836,-0.4097431846090457,-0.31946892283159467,0.359295660129495,-0.9334768856168408,-1.001433632800196,-0.5370177794547843,-0.9689932719733549,-0.9334768856168408,-0.4118043917295593,-0.9524850188241156,-0.06823324357405591,-0.08228738460402141,-0.4454508662738891,-0.09888361135039692,0.359295660129495,0.5843085797686465,0.7734772602124664,-0.5006808152984981,-0.36801440853032075,-0.8962912448017424,-0.6030963237183944,-0.23577107592788804,-0.836010239926059,0.3408094653482552
2024-08-22,-0.3893148211570474,-0.4381813504292297,-0.4362727577866834,-0.4354552581325505,-0.3538965103611279,-0.20433218078399085,-0.9692999186359903,-1.0048112664602418,-0.6610620797395493,-0.9352692737796344,-0.9692999186359903,-0.33223859607712247,-0.8867176510880117,0.06464624864488133,-0.4691397105527705,-0.3968690474130194,-0.1725570046615046,-0.20433218078399085,0.20547739314097457,0.7017154912270624,-0.7134245422749661,-0.44213311873697025,-0.315515875941188,-0.5237135628996161,-0.7676437389244007,-0.79152493542532,0.30531112892175827
2024-08-23,-0.33513291909014253,-0.3302674121942206,-0.31603201025229755,-0.26329505658078456,-0.492250574237066,0.5887106424790882,-0.9845800941831643,-0.9991255256701775,-0.7202691327062848,-0.9163992081025445,-0.9845800941831643,-0.20883609169186212,-0.7975789277572155,0.39519708093498385,-0.561588459218274,-0.2810198558370197,-0.3642206496442262,0.5887106424790884,0.43947080631136526,0.9747737879216856,-0.41026515290488097,-0.3741086515518198,-0.8755526524281669,-0.794934183665819,-0.4945197662093841,-0.703721439644713,0.29868208072040336
2024-08-26,-0.2290271433678599,-0.19914636443419487,-0.20165723176444983,-0.16827193366973237,-0.31247685960025817,0.26639952363485975,-1.0018508922139062,-0.9889956954592056,-0.8045647719707524,-0.8826936017913339,-1.0018508922139062,-0.07841860128794986,-0.687026052024773,0.7267427502744348,-0.4462424566508648,-0.2174878225692083,-0.18601244376616932,0.2663995236348595,0.4795803395786189,1.1135396499502233,-0.6283276176623118,-0.41028918573482265,-0.294769356719807,-0.8412395320081574,-0.5592069520767459,-0.5985967003812105,0.25508706177522256
2024-08-27,-0.1488833529961573,-0.1550524405257887,-0.1512148653134241,-0.0888995821597135,-0.28579603419052324,0.20010321068878456,-1.0042112250778088,-0.9755449077549548,-0.8160576749591862,-0.8781067445699607,-1.0042112250778088,0.05074891421329908,-0.5643007351979167,0.747061151346841,-0.5024753707495444,-0.21748782080136908,-0.17688883227949537,0.20010321068878456,0.688050964524473,0.9669502015081641,-0.7081048144524058,-0.4764503978818996,-0.9792535004878953,-0.47079675534066323,-0.5592069500359265,-0.482511841536887,0.200619826906133
2024-08-28,-0.13759524335673146,-0.08705538576721494,-0.09256103890054135,-0.06877697791477067,-0.255363911364611,-0.0263830200310764,-0.9990883665215083,-0.9618471132433345,-0.7925375440986349,-0.8870476479346574,-0.9990883665215083,0.1575528484080031,-0.4363301687971127,1.0027247057932294,-0.4323244217719673,-0.16018803937842674,-0.16325608233834654,-0.02638302003107662,0.5342255823046491,0.8573457240766755,-0.6623658648974096,-0.5138353820011854,-0.1371291925650322,-1.0,-0.501708757454995,-0.37341935067889,0.17606651593721612
2024-08-29,-0.04277723359822361,-0.1144400587799339,-0.0561960520344712,-0.057598039357646735,-0.6681842033531715,-0.060040983419298866,-0.9788627163532785,-0.9483348622443504,-0.7176527271319941,-0.9095427103062578,-0.9788627163532785,0.24261259156961246,-0.31315055081910914,0.9986579807287077,-0.8983089632572476,-0.12157214396207106,-0.6177408590461404,-0.060040983419298866,0.5922995177004,0.600117854658373,-0.9527587082067974,-0.6729266669620639,-0.896291242298618,-0.33849217459637426,-0.9904530042114476,-0.2731956706711952,0.08880528123569742
2024-08-30,-0.06873911401788635,-0.07498754332348734,-0.026282293971592763,-0.02964983489463735,0.025983394848691832,0.002305835258424649,-0.9452620314586693,-0.9342382231086718,-0.618029292560099,-0.9292602473788318,-0.9452620314586693,0.31530264939455943,-0.19478470672132175,1.0836285490504616,-0.825700060334821,-0.08980679348578446,0.1921491967344402,0.002305835258424649,0.36381867145161917,0.6080733738986452,-0.9075513117678765,-0.7910829505402608,-0.6473807177961604,-0.9404616694570891,-0.6885840537784687,-0.17621876496158617,0.02044014409601802
2024-09-03,-0.1421105969447073,-0.19450490823166688,-0.20400353792579795,-0.22193221165624644,-0.13232579551921952,-0.8138811849434026,-0.9131162275373839,-0.9292865395119903,-0.5664583585119989,-0.916966930265592,-0.9131162275373839,0.3034593497317688,-0.09141620862302557,0.7593575065083744,-0.4113879480625642,-0.2174878102348975,-0.0575223355939366,-0.8138811849434026,-0.05153341165133163,0.31101912152538036,-0.19220382845952666,-0.5813972641935135,-0.5021868853002491,-0.6163242497979686,-0.5663959482109202,-0.14510129913743064,0.17416606963650727
2024-09-04,-0.2820799649118939,-0.240919622370515,-0.24271487898744848,-0.2364653466226272,-0.23345544657308992,-0.1576009653750704,-0.8688244686937441,-0.9251946536597543,-0.5317545105762208,-0.8741331684111878,-0.8688244686937441,0.2852579632444656,0.0005272563414417952,0.6594641469362523,-0.44517019477775754,-0.21748781100419412,-0.2101855143646133,-0.1576009653750705,-0.1820699663993639,0.35865039149871336,-0.68683208030533,-0.6154633164130128,0.2237823229168039,-1.0,-0.6598335988093988,-0.1216891366605839,0.15872711225729796
2024-09-05,-0.19854990549473983,-0.22467454387308605,-0.25209963541701463,-0.262177420146132,-0.6325801734386833,-0.20084301708321084,-0.8284708491784853,-0.92237140273329,-0.5070999309345565,-0.830147419508318,-0.8284708491784853,0.2585256494441437,0.07714672743889461,0.5599439553284453,-0.2737456654743171,-0.21748781242597415,-0.6349438273363692,-0.20084301708321106,-0.24531156581608893,0.1970404750004009,-0.5698228116117081,-0.593939079072527,-0.004381676218170871,-0.5501744735057041,-0.6670198399212719,-0.10842666394912459,0.17653663420064802
2024-09-06,-0.2764360799194473,-0.30415912700028214,-0.32483031136718077,-0.3314884695336794,-0.5257680836952188,-0.3702249675794662,-0.7832452710232307,-0.9225171898177802,-0.5208412695427975,-0.7513797754845685,-0.7832452710232307,0.21076174803730585,0.13921227219493137,0.2745452194425275,-0.3128290458594979,-0.25299174582062356,-0.4944084131944584,-0.3702249675794663,-0.35694831887646883,0.14916892084778377,-0.604392811716679,-0.5903667463254854,0.005991566661324832,-0.5501744765056344,-0.7173317892754476,-0.11699064462445641,0.1948558815048358
2024-09-09,-0.2786938755474426,-0.3407110044253234,-0.3547440698981158,-0.35943667399668877,-0.3459943690584111,-0.21150814287622444,-0.7418079985136401,-0.9237764980866415,-0.5464832295296442,-0.6699128158352308,-0.7418079985136401,0.16096537537361422,0.18148099219442293,0.20989006591135118,-0.364008911810737,-0.29223139845061463,-0.29917826656194324,-0.21150814287622455,-0.4324485915324876,-0.07085416682620471,-0.6363050022807213,-0.6011931966124828,-0.6059035686171501,-0.5435580003691365,-0.552020729789625,-0.13294601235894266,0.19545426228676543
2024-09-10,-0.3272313842057696,-0.4080114258875691,-0.4738109356656023,-0.4879974706493123,-0.4476345517132997,-0.6094693155498554,-0.7064738949231087,-0.9300210195658503,-0.604793708869181,-0.5744833524223435,-0.7064738949231087,0.07633087861206267,0.19916903028650124,-0.04397061928187451,0.023791831474963665,-0.3644806328557755,-0.4033018968537495,-0.6094693155498554,-0.35797038756681876,-0.30592336013680765,-0.40494628367731234,-0.5096402325279795,-0.9170298256353507,-0.7221679138213436,-0.03452323125423873,-0.18535707880000418,0.28030674908746755
2024-09-11,-0.5326708766594583,-0.52172722251917,-0.553580516933641,-0.464521528065312,-0.260158469008956,-0.006577239919137168,-0.6687125090202632,-0.9350990713493085,-0.6895185708680092,-0.4565356360612679,-0.6687125090202632,0.01646154907222308,0.19524994622182956,0.053861336122400516,-0.18859520941314434,-0.486558311834578,-0.1853889200396044,-0.00657723991913739,-0.3042144075733151,-0.35914044462347783,-0.5645031244899354,-0.4999048963632383,-0.5644105684026154,-0.43110288037788524,-0.5304592469617986,-0.225087190350025,0.2797513296699261
2024-09-12,-0.44236792479175835,-0.41613416207009046,-0.4116382333710452,-0.34602160450006025,-0.46210701275085964,0.3763407338396063,-0.6342132306136179,-0.9355135526237848,-0.7441732171506197,-0.3649836751069204,-0.6342132306136179,0.008612428646113113,0.17822589018040946,0.0605603431742463,-0.4771682948374486,-0.37320065953185644,-0.4010404807246447,0.3763407338396063,-0.09672621596669828,-0.2553409736180039,-0.6655548507898321,-0.5355538869461649,-0.8755447440704881,-0.973539081524331,-0.3435839432331048,-0.2248184633925462,0.2292350629432376
2024-09-13,-0.3283603862472243,-0.2734093621271624,-0.3001955787713434,-0.30913016338433175,-0.5491859462636635,0.0435506137560262,-0.6036962478193308,-0.9345534082170783,-0.7891122211762684,-0.28642647500259655,-0.6036962478193308,0.014182893912317418,0.1521161210481654,0.13837008684194774,-0.2540737267330554,-0.21998085343761054,-0.5172066759211638,0.0435506137560262,0.057753935661219113,-0.22804870767293695,-0.5751392743152177,-0.5270036768123544,0.9912446326704394,-0.8941613676781357,-0.8323309093296191,-0.213370949659069,0.22498858343559403
2024-09-16,-0.3238454063350866,-0.16665651265185033,-0.28670527903535326,-0.10678648450025141,-0.014570571893060102,0.6893494271534304,-0.5733542266393565,-0.9263337932692041,-0.7668495928045429,-0.25600675654756067,-0.5733542266393565,0.08580788830620256,0.1258846139782479,0.17077144887501072,0.44408823234330974,-0.2174878412723531,0.1239836696474037,0.6893494271534304,0.39847651881662105,-0.04666179472708998,-0.1469972313883976,-0.3328060789851389,-0.8548061581493771,-0.9933885555818944,0.4398484611787279,-0.14169737395213533,0.28198884793735246
2024-09-17,-0.07664057637410004,-0.04713863575771582,-0.05384966087526266,-0.03971070798200915,-0.3458167928493612,0.15033686090544474,-0.539742188939416,-0.916064747129939,-0.73294589826049,-0.22889196785866694,-0.539742188939416,0.16290882868784307,0.1098195327146938,0.14083471025107808,-0.43158907898400456,-0.11908051661889174,-0.24449143231408488,0.1503368609054445,0.7053662070015736,0.22812652850807136,-0.6549178577371404,-0.38609426405325165,0.03710343674351191,-0.7221628683637964,-0.7029565454444628,-0.08065232994200144,0.23743965706831172
2024-09-18,-0.01568636931239109,0.03814768100589738,0.002458019085413987,0.019539039283066995,-0.43800104237234716,0.11810181008063791,-0.5065103972566338,-0.9082386117162673,-0.6822658035111046,-0.21430769384466297,-0.5065103972566338,0.24079127698496494,0.10473694089664876,0.11826896293879541,-0.2336048842895352,-0.05928752154626382,-0.33280646754365684,0.11810181008063791,0.7561252635758644,0.30793373416950476,-0.5192956915051155,-0.37310887768653533,0.4623117424158256,-0.6427851539617739,-0.7101427893425328,-0.014989872408969207,0.23055552095428555
2024-09-19,0.16040452260288296,0.1385192103475501,0.13266960411924922,0.1492179014054429,-0.5020838568131996,0.37410799533388106,-0.46080718410891364,-0.8903729365651868,-0.6073266506272529,-0.19798249538806412,-0.46080718410891364,0.34206781795370356,0.11428590390348203,0.23144339269561853,-0.46411811487922816,0.07898385933400842,-0.42688527595903003,0.37410799533388106,0.7552279478595112,0.47708119940474725,-0.4262211763614815,-0.32124884730640046,-0.14957549560836103,-0.04742708136483487,-0.9976419914249901,0.06994509529175219,0.2280254529451342
2024-09-20,0.09944999622075179,0.031765700126632934,-0.021003113838320653,-0.03076747132929003,1.0,-0.7465811412575095,-0.43502782328895595,-0.8827953088911438,-0.5842887305913312,-0.1750741254919025,-0.43502782328895595,0.3564490148888739,0.13093812094011636,0.006591541628854003,-0.1414504866757359,-0.0842008443165646,1.0227467586465253,-0.7465811412575096,0.432374625619631,0.3621033931436539,-0.1709301095060518,-0.1649265289452545,-0.8962912371398699,-0.41787490157394636,-0.2573352410842257,0.10242699263413813,0.35259908097946857
2024-09-23,-0.04390641062268086,-0.10863848839360501,-0.10311901020393721,-0.10566841903049906,-0.7144428058106487,-0.37920984655222056,-0.4125944756601354,-0.8819469449441644,-0.5837723355099537,-0.14122611683139297,-0.4125944756601354,0.3379020018088481,0.15116217461895531,-0.09417778586837022,-0.5279108891833768,-0.17139952467779918,-0.7717401411124286,-0.37920984655222056,0.02645038553122836,0.31227420897216485,-0.6549179642757135,-0.24059870049873766,-0.7718359919568542,-0.3781810465056369,-0.688584072964976,0.11287156973518186,0.3312970524408352
2024-09-24,-0.09808772718177039,-0.07962900774644255,-0.06206108434656776,-0.02070616920681856,-0.7353524044262646,0.21749039923767888,-0.39609266237926954,-0.8867660927139309,-0.558835311547384,-0.13382089018798637,-0.39609266237926954,0.34749365781522457,0.18215638261757583,0.19179382920212595,-0.6023341983240396,-0.12780020820451365,-0.7760871815271645,0.21749039923767866,0.05128133018242753,0.5609468787715215,-0.7666094336756133,-0.3549093787112779,-0.8962912373199036,-0.8809283838349456,-0.444207805735679,0.13951049648777225,0.24951164759589406
2024-09-25,0.07348761533376558,0.03524674427968977,0.014188765388005287,0.01283107549965301,-0.3927191090646439,0.022247421203113182,-0.3837733509950296,-0.8894576404316982,-0.5317692514194527,-0.13431151634327398,-0.3837733509950296,0.36173939864768556,0.22162202579510226,0.23852375169455908,-0.3529516428513536,-0.04683066918866463,-0.37639124504864385,0.02224742120311296,0.015660414366377218,0.5697131045142929,-0.5857778948530572,-0.3750864608707962,-0.3569930496402248,-0.2988033280884209,-0.7029565593404477,0.16867408386445804,0.231060430604918
2024-09-26,0.12879862273593257,0.17507046678339422,0.16786226560667217,0.20399581582660953,-0.23125794098609842,0.600612037961046,-0.3638494986672659,-0.8870377051045234,-0.45954388466536256,-0.15537244645533066,-0.3638494986672659,0.4324435600093781,0.27006639666475474,0.40765482354371985,-0.4469282433674374,0.11635486514315718,-0.220077783800542,0.600612037961046,0.09835987574101845,0.6367181607317998,-0.22677335584171154,-0.2359487731911708,-0.5125601174884511,-0.8147786097050358,-0.44421055429160017,0.2343479555255299,0.2591737664563847
2024-09-27,0.2732832007569628,0.27428139932604934,0.28868903378363453,0.2688354614053472,-0.49584649247032475,0.12825000811842013,-0.34088382412517626,-0.8767924232289764,-0.37483030230629555,-0.18068981469279832,-0.34088382412517626,0.5041212819019394,0.3260669006737582,0.5325651880366777,-0.6066108959263724,0.24466053071652283,-0.5200942671516962,0.1282500081184199,0.44043331607791414,0.6627363421188379,-0.6815123956645903,-0.313753781951134,0.057842024755976995,-0.4840246860093502,-0.947330042722353,0.3034259120121596,0.20555370081989333
2024-09-30,0.3015028935126596,0.2539751639437746,0.2364871671046631,0.19393451370413817,-0.11896318578822085,-0.364364763606172,-0.3237736288906916,-0.8651540355766157,-0.3229348972310718,-0.19156028944858472,-0.3237736288906916,0.528781833765593,0.3766993165380734,0.4730376523194191,-0.40178586783030845,0.1892274892682242,-0.08812234021414256,-0.364364763606172,0.4463901724728734,0.34794588511763913,-0.5910975712255333,-0.34173911566462223,-0.6370153781090564,-0.6626346300815654,-0.4154573430989804,0.34484810463686477,0.20766531483738082
2024-10-01,0.24393477436325872,0.18725404901007892,0.17490027177988976,0.12126969694243339,-0.423817142674493,-0.35997859698541457,-0.31350751175000036,-0.8549471350319564,-0.2957493943256353,-0.19526757906815728,-0.31350751175000036,0.517076043616695,0.41718102408678015,0.5443517419713175,-0.4308367161468031,0.12382850761484532,-0.42216036778924626,-0.35997859698541457,0.22142776618582727,0.1994383865400844,-0.6176900526108322,-0.3775946905855928,-0.7718438965628562,-0.8280065511443085,-0.31483346705572346,0.36285772350628354,0.20528287143669122
2024-10-02,0.09944980679246695,0.06251548345441571,0.07401563692619173,0.01618527190890995,-0.6855866718400536,-0.48016476464665103,-0.2973098602613544,-0.8542240489626313,-0.27785952891404386,-0.18330627150136236,-0.2973098602613544,0.4661161377382914,0.442935906899131,0.4008763652525653,-0.578166498036403,0.016699347277858934,-0.6995576524228471,-0.48016476464665114,0.029491426726700132,0.029528661138960466,-0.7320374250812567,-0.4585563542526575,-0.34661978291193696,-0.93384517893651,-0.5592096956657866,0.3536725086896324,0.18642692481397116
2024-10-03,-0.028102827310023004,-0.08775171663340264,-0.06440749677571322,-0.11796542305737534,-0.6184184707669605,-0.5943277619769327,-0.2892490474449112,-0.862599947637176,-0.2754255144205967,-0.1727455875695746,-0.2892490474449112,0.3752139233947651,0.4467245437076319,0.17739713105885846,-0.6534841826515347,-0.13029185813418986,-0.6120750128532346,-0.5943277619769327,-0.4027492841199045,-0.23382620492325012,-0.6070505145290166,-0.47419453919892585,-0.6888737236201354,-0.9603060981630198,-0.5088950084014316,0.3147542733630657,0.20853012748032684
2024-10-04,-0.07212584452430948,-0.1411282511186316,-0.10898406199563815,-0.10343271712609425,-0.9298205503619447,-0.04701608062127405,-0.2784506325755398,-0.8694810072523251,-0.27355434373640475,-0.15760851188625347,-0.2784506325755398,0.3040223307182217,0.4407321152532615,0.16068465662980458,-0.7136685514415415,-0.17762760960558865,-0.8592773180721864,-0.04701608062127416,-0.46384129812097397,-0.04206223187862945,-0.8357514700714818,-0.5875240064833406,-0.8340596549088747,-0.28557537219051354,-0.8826428620578715,0.2821899941478043,0.14425588800683653
2024-10-07,-0.139852901534531,-0.19508514115341535,-0.17936895943655096,-0.13808802730231817,-0.6109824670129995,-0.2319105766652385,-0.2652948033012221,-0.8729965551157244,-0.27950785489235397,-0.13330199444798863,-0.2652948033012221,0.23255405105252902,0.4286907270230449,-0.05144120548732933,-0.5919702260092564,-0.21748774069892018,-0.41196363547737236,-0.23191057666523862,-0.4169157224125579,-0.0009917469505262844,-0.6549198264068755,-0.6068506600985804,-0.7822092320526772,-0.047427103143228955,-0.9329548101485268,0.24466145663803052,0.14143504274544783
2024-10-08,-0.18951919455424104,-0.21771199240169614,-0.20752237382810756,-0.17497946841804657,-0.7602352707193701,-0.2412338369392284,-0.25274732679593304,-0.8822112906717161,-0.29127018919716263,-0.10578547498818502,-0.25274732679593304,0.16093194311802184,0.4073665150242731,-0.15771441063006264,-0.5463903366596448,-0.21748774043840613,-0.6223924103937097,-0.2412338369392285,-0.37456902079727916,-0.12601397693735594,-0.6921505666495185,-0.6398432456711365,-0.502186861780224,-0.312031223069286,-0.8538951310938506,0.20246239487089301,0.13162275485565056
2024-10-09,-0.14775448063018537,-0.17245821702842123,-0.1277533988981605,-0.18168700316636088,-0.7748409139137175,-0.1272927885919436,-0.2319109307223307,-0.8867191400581622,-0.3324354131821653,-0.04468155558191811,-0.2319109307223307,0.10014952770984853,0.37746650111379054,-0.2333395886015669,-0.7964032786143866,-0.1975587250362505,-0.6031165986789535,-0.1272927885919437,-0.24716643569693708,-0.1662266426861323,-0.8942561094409238,-0.7566102955825276,-0.00438168981774667,-1.0,-0.8610813855381927,0.16287057161452334,0.06938093648097254
2024-10-10,-0.1985500563281537,-0.2687685981317779,-0.24975358197365394,-0.2554698853978177,-0.5631700727263365,-0.3830789727772326,-0.2176904476214725,-0.8906575955741841,-0.3720051520873916,0.00519508782019007,-0.2176904476214725,0.026010188458298167,0.3310107135884799,-0.46889466170563965,-0.6127436210987767,-0.21748774014950722,-0.23342532996281218,-0.3830789727772326,-0.16903516135123642,-0.4212812500157862,-0.70810445972098,-0.7765952049896687,-0.7925824891043367,-0.49725265048460054,-0.710145550113268,0.11114630151989613,0.073863377482976
2024-10-11,-0.24031483094087913,-0.2536835345145644,-0.21456113962601986,-0.23311157924847004,-0.926135844024161,-0.015261019997635406,-0.21000988082218908,-0.8863501483146208,-0.3893339074009807,0.02925368652824356,-0.21000988082218908,-0.02543859200434362,0.2704814295628233,-0.2791241128609059,-0.7517792000545894,-0.21748774179746033,-0.7613500227689989,-0.015261019997635517,-0.15749089135252659,-0.45753338093048523,-0.8729813192840009,-0.8658470138743605,-0.06660533626345166,-0.8280065486720031,-0.9042070834161874,0.06988839530129232,0.01996041770241308
2024-10-14,-0.26966354665694625,-0.3291068478359833,-0.25737821124041094,-0.26776688942469395,-0.8315321186528714,-0.23522165860894628,-0.20719619454432214,-0.8773038354999358,-0.3961353075993711,0.03839011694319505,-0.20719619454432214,-0.07768431597284631,0.20116167246211636,-0.2361324579384272,-0.993092964102564,-0.27977395150924966,-0.507848904453274,-0.23522165860894628,-0.15870797716574803,-0.42432277697454857,-0.9181906640251295,-0.962922261623381,-0.7718359814841302,-0.6890955558863473,-0.9401410559080415,0.025494381183252646,-0.026929575443213727
2024-10-15,-0.3814131729462795,-0.4132333580749845,-0.4045994495324109,-0.3627904413708458,-0.2433553202276172,-0.47022788669597404,-0.22461055157102672,-0.8655747586791791,-0.36999764731450024,-0.006789646705858021,-0.22461055157102672,-0.15024719098359163,0.1248858827084749,-0.471077890685055,-0.5188958045968681,-0.3700865502402316,0.5209337027991117,-0.47022788669597415,-0.24290745362468824,-0.45285718247793405,-0.415583859004103,-0.8277796574006049,-0.5125601228360256,-0.33849215797272747,-0.8395199006273439,-0.034687307863829675,0.06811335966981025
2024-10-16,-0.40963298545276305,-0.32678662282742654,-0.3870037094138118,-0.2565879508675699,-0.1003842749163838,0.3179524040097872,-0.23936336158515392,-0.8432629173398286,-0.36840431018240405,-0.03042597566420613,-0.23936336158515392,-0.17027442186436803,0.05214573219576257,-0.35118387561518827,0.01169063926319125,-0.27728311301413,0.5943588736335126,0.3179524040097872,-0.08205728948105862,-0.24618417909624968,-0.4262210991632469,-0.7152968227123131,-0.9377763280623503,-0.8676954071785804,0.022974920685921774,-0.06442725974060026,0.10804223197668361
2024-10-17,-0.43333730868686327,-0.5008408946855811,-0.4796763416876867,-0.4768185320921883,-0.15483358001628378,-0.9538674154105538,-0.27312748018120503,-0.8298762524803273,-0.34240416447504607,-0.10044481516129666,-0.27312748018120503,-0.25861847713598085,-0.020302017882784518,-0.8341426966678427,-0.6119850343937143,-0.4641361462266176,0.38487492653410715,-0.9538674154105538,-0.2957312766312571,-0.3437246829990491,-0.022010883190196173,-0.4414651272072565,-0.6266500485014843,-0.5237185971131917,-0.7820162245481855,-0.1391253662210179,0.3168209426990951
2024-10-18,-0.3847998174650501,-0.4300586583641013,-0.42923394780933133,-0.3728517434933173,-0.006268884119981166,0.31876900302372757,-0.30864063122858376,-0.8078300615303676,-0.37429122416969585,-0.13189576190403718,-0.30864063122858376,-0.2905262400292835,-0.08825958241720167,-0.7609537469680054,-0.4611704019789403,-0.3881490680984231,0.39016361698338686,0.31876900302372735,-0.17663926260134855,-0.24906070314576156,-0.6708747270079878,-0.48722701285115266,-0.626642132240262,-0.1003539763672684,-0.8826428607494714,-0.1815571509397781,0.26327421590644096
2024-10-21,-0.3599666407000105,-0.44050221982092386,-0.3811380934034799,-0.38962058036410285,-0.8580353678535564,-0.16815426174405956,-0.3330511764297823,-0.7873577782155273,-0.37592650956689055,-0.16796240398947948,-0.3330511764297823,-0.31842994087161713,-0.15123766701933838,-0.7301927698732268,-0.9030984066645728,-0.3993605776748075,-0.7665435657890344,-0.16815426174405967,-0.15204833567352782,-0.23209489504771885,-0.9740355247667806,-0.6591486108840567,-0.8962912451574655,-0.603096325079774,-0.8754566220522214,-0.22226780594690154,0.1698016598390646
2024-10-22,-0.3633527040565119,-0.4161341068686406,-0.3717535471510067,-0.3516110737786222,-0.9148375577233665,0.049275176997621406,-0.3497811256471084,-0.7641681421853556,-0.37689527276355705,-0.19278921650156078,-0.3497811256471084,-0.32446902311792547,-0.20671953866285242,-0.6146859231364467,-0.7889746622622872,-0.3732006002712692,-0.8355122565472439,0.049275176997621184,0.041419376384698614,-0.1544994869418015,-0.9048914666444178,-0.7779815462531472,-0.7718359846003955,-0.49725263741405346,-0.8826428636824533,-0.24920041465573817,0.09381574329397457
2024-10-23,-0.2346712250931614,-0.1765195771262379,-0.20869609600816563,-0.11572972115297053,-0.6023700208740834,0.8283392533292759,-0.3562449869083333,-0.7322062178384477,-0.3885911963420331,-0.1943165350944781,-0.3562449869083333,-0.2468094281830736,-0.24637733416683072,-0.16770167170951256,-0.22759014791575416,-0.2174877806226173,-0.40505683054289066,0.8283392533292759,0.2289454623788303,0.10304985017286605,-0.10444841686076645,-0.5317572736916292,-0.8651794097886073,-0.8280065567949223,-0.18545913196203012,-0.2201516744272477,0.17699920325340823
2024-10-24,-0.08792869802231962,-0.16085454698052237,-0.1887532310626242,-0.20404530931570852,-0.8819859590491504,-0.43423213901103463,-0.37099773855328033,-0.709252877306259,-0.4123212617864852,-0.19991382129020474,-0.37099773855328033,-0.2134129120412972,-0.27374366150115603,-0.12042286450253348,-0.2885201899888913,-0.2174877794968394,-0.7753784560275938,-0.43423213901103463,0.4379870208658998,0.08840072239846886,-0.5645051120959943,-0.5190738658467215,-0.8962912387038148,-0.5766353808191615,-0.3363976695989619,-0.2143364376225122,0.204225642918352
2024-10-25,-0.15904263529237173,-0.2351179256484942,-0.19168634887767333,-0.206281440255213,-0.8248952078396344,-0.11031414069541579,-0.39890634865713637,-0.6897531132000481,-0.4913190438861713,-0.18620714384351755,-0.39890634865713637,-0.18614702072538725,-0.2921128140874689,-0.14122714704689288,-0.790942779611026,-0.21748777974357703,-0.7008533798334645,-0.11031414069541579,0.27185472390764276,0.06175797129504579,-0.891596256721767,-0.6507830740680527,-0.9170298298056629,-0.5700189090569019,-0.7748327269884937,-0.20967608809857907,0.13253682005472456
2024-10-28,-0.2403148460529032,-0.26876838682798176,-0.2520995800241175,-0.26776688942469395,-0.5765992735357288,-0.3373149997529492,-0.43540806930611564,-0.6796731744570456,-0.6134819402805634,-0.1548585009514568,-0.43540806930611564,-0.18390716548070785,-0.304254204220464,-0.16917203780057566,-0.5894461008405566,-0.21748778159853477,-0.37339031023224223,-0.3373149997529492,0.2061655081082785,0.03295859125430689,-0.771929158028819,-0.7127233620567326,-0.025128165165592464,-0.6163242431308906,-0.8970180958624792,-0.21914244850461462,0.11191684774885657
2024-10-29,-0.28546648514599626,-0.3592765114528337,-0.31779203757702346,-0.33260653500343174,-0.3647508561392979,-0.35318239039653576,-0.4712253821457143,-0.6725579128710533,-0.7243203970564905,-0.1305328710892828,-0.4712253821457143,-0.20242738493423018,-0.3102184585678601,-0.19691911188437328,-0.7720995484546027,-0.31216208595505657,-0.05338486900375239,-0.35318239039653576,0.05293530503966504,0.0662035999405628,-0.8091570229839142,-0.7826465096719011,-0.8133210674629185,-0.6427851615999394,-0.7676437316901137,-0.24162611231573805,0.08703439840984006
2024-10-30,-0.05858022359471471,0.3079317692764003,-0.02217675949716602,0.2665993304658427,0.39458721078384795,1.653331946022257,-0.46133951102218274,-0.6465477041352917,-0.6541240832852449,-0.16545857953804932,-0.46133951102218274,-0.013833556118466261,-0.2923370931877689,0.3129264241748517,1.8673979441471618,-0.08544713592625908,0.8939845283459018,2.251959412445617,0.5638157899705165,0.5971442672183505,2.0256407913216754,0.3935031632813353,0.7008489325898899,-0.8676954078362364,1.1514047040601434,-0.12859083233162838,0.5610540466723548
2024-10-31,0.4279265996243071,0.5249193830680974,0.4799003962421944,0.4264620989556327,0.006316829696424664,0.4589760696682017,-0.4334309301029168,-0.6129874173290005,-0.48214210060593,-0.24540196489321664,-0.4334309301029168,0.187228384833092,-0.2413762997632095,0.46304535752202103,-0.226474762534153,0.4477074341105116,0.33527326829066384,0.4589760696682015,0.928963335073647,1.0512168548256655,0.16945831218202634,0.6030279702438976,1.6134970508498152,-0.8280116018373322,-0.9185795790115175,0.0035909071979765006,0.6199621725631739
2024-11-01,0.38503296432732936,0.38103463830859563,0.39661155382702806,0.4219902661117232,-0.553847321751221,-0.11700042190875104,-0.3967011027020674,-0.5835776997812057,-0.3242059969620581,-0.3018854951886841,-0.3967011027020674,0.34053900357329026,-0.16924483880682228,0.44856127546229985,-0.6215361298168833,0.35926320505307485,-0.33949195514078656,-0.11700042190875104,0.9261506609305394,0.9101861064252617,-0.7346973000140666,0.39015618310833666,-0.8755447461701157,-0.39140897913513906,-0.6742088380843407,0.11566018948821766,0.5172533453445436
2024-11-04,0.43357061499130634,0.4355720360358244,0.47520815441140196,0.45441030341864197,-0.4208205441467774,0.008892587764528725,-0.3587545113939803,-0.55211245716285,-0.17914700204912437,-0.34734026821415476,-0.3587545113939803,0.46708886300611896,-0.0794591637014157,0.4972086262368678,-0.778880322967799,0.44272475336671113,-0.21679058663208006,0.008892587764528725,1.0734416484806117,0.967634667592183,-0.8410691521603575,0.15925998425189758,-0.502186878968687,-0.7089399848553292,-0.774829979315353,0.217912171866544,0.39661142378670355
2024-11-05,0.468563348799486,0.512735999748271,0.5279968957289822,0.4622359036367085,-0.40969983405503263,-0.07519316530669728,-0.31791820795226566,-0.526458011506389,-0.04757250069560759,-0.3787819982962597,-0.31791820795226566,0.5629646167747135,0.021975490791477537,0.6005262034773686,-0.6210646579960023,0.4987809956359117,-0.2707931084683203,-0.07519316530669751,1.193919112912381,0.9273293362487627,-0.7267217574243945,0.009036787025758386,0.7319608601185135,-0.8941613675685421,-0.9473300420314889,0.3059886523473374,0.32186446010641134
2024-11-06,0.6909344146473326,0.7059363674912624,0.5678814306509461,0.617626839282589,-0.31207731312989606,0.4248843964372464,-0.2640021302765807,-0.49866898737413046,0.12364712257864174,-0.4185150882418517,-0.2640021302765807,0.6833081287866294,0.12828896459714656,0.6194749097495644,0.30940668077955413,0.5411342909897341,-0.1866619289714868,0.4248843964372462,0.48589445173352375,0.8024230843495002,0.0684059679216924,0.22573722596303925,0.2860060399908346,0.6140757086009885,-0.6598308445947567,0.4126373988180445,0.3896906955284567
2024-11-07,0.5949871026165354,0.6386353979234025,0.6629002012780334,0.644456978275846,-0.6950426049719562,-0.013196142666447752,-0.20780469323629902,-0.4727378320436071,0.2811215852551434,-0.44497732452459027,-0.20780469323629902,0.7782442416698878,0.24163648292456652,0.8996627225972458,-0.684807932723437,0.6420345036761799,-0.674873380364815,-0.013196142666447974,0.3032280675439698,0.9385744098690993,-0.7612897475384856,0.051569267134946806,-0.3984781272671496,-0.9338502267738966,-0.5807684399157262,0.5074468827488297,0.301552941883404
2024-11-08,0.5882145677618014,0.5678531229520651,0.5690540497735437,0.5259570547105943,-0.558930440735272,-0.4911113260519723,-0.15464907841034448,-0.45170830641804016,0.3842455277863499,-0.4373627945238988,-0.15464907841034448,0.8033508168650421,0.3547371890118325,0.710470754844003,-0.5442608927048531,0.5423794925229621,-0.5355759500949874,-0.4911113260519723,0.15773225831415982,0.8148258099036303,-0.49004299257843964,0.01896171987509776,-0.29476938001061603,-0.4840247108888037,-0.7245180394587862,0.5614959070117305,0.31224409796789687
2024-11-11,0.5927301680956569,0.5330426965832233,0.567881527278516,0.5170142470929748,-0.923294624679364,-0.13172907655113142,-0.1036226836836982,-0.4313902766101003,0.47350307685648163,-0.4231181689742912,-0.1036226836836982,0.81028075378203,0.46837397666349756,0.7204309214873676,-0.7580520039284901,0.541134393598327,-0.946860051177127,-0.13172907655113142,0.10442793595685806,0.8811058676879786,-0.8144766775102454,-0.15084026778601822,-1.0,-0.5766353765867669,-0.6382693584156659,0.6031653201210507,0.2326659682404426
2024-11-12,0.43018416126419745,0.39379867664646784,0.4095154512969268,0.33255661247923296,-0.7028781551962795,-0.7210399381039282,-0.06278640942657365,-0.4185828209258008,0.5135485408620712,-0.3893598558132686,-0.06278640942657365,0.7439049031515466,0.5765408123145137,0.49188538767999246,-0.627404537965397,0.37296582392094857,-0.6490681951639736,-0.7210399381039283,-0.1396839829190345,0.7611550517791126,-0.373032190352124,-0.10541105875128731,-0.5021868987776179,-0.9735390820571858,-0.4873335479787315,0.5979255872498979,0.29535244435414487
2024-11-13,0.31843475940064203,0.32649770750143237,0.3625929107826915,0.369448482630061,-0.7268065493657422,0.026142325619308293,-0.012976749422575984,-0.397671867822847,0.5459427352652926,-0.33646479785048156,-0.012976749422575984,0.6952418353850023,0.6575889201541809,0.38947833734445725,-0.7513992738998376,0.3231388867123435,-0.5713396648091762,0.026142325619308293,-0.28183047095283176,0.13350074501287157,-0.8304337888123976,-0.26559168852634785,-0.8755526534607587,-0.7883176938585817,-0.5879574203025415,0.5978698123757848,0.20801455636068567
2024-11-14,0.35342703768733186,0.2963286415869504,0.3297466171894521,0.29790130230300904,-0.07734376179217017,-0.34817822275353516,0.024741705949052006,-0.378776905502592,0.5674428089252761,-0.294251171175551,0.024741705949052006,0.6245673926577209,0.7075772563641118,0.4082763711535895,-0.739895774140247,0.2882594835412975,0.380304710160444,-0.34817822275353505,-0.40148552812357297,-0.08922879821088558,-0.7134232400727364,-0.35336619328268903,-0.834059650018131,-0.4840246798008193,-0.7532684908464646,0.5800338617042113,0.17955492933843442
2024-11-15,0.28019802805487126,0.4405764045308649,0.3398549082000928,0.47931364577925994,-0.683766515697293,0.5310237042640189,0.08978143155997698,-0.3525581177477142,0.5830191335684336,-0.20614677066020726,0.08978143155997698,0.6224659350598196,0.7398018189703222,0.5039098594774563,0.16578240031894387,0.2989934543782069,-0.4838992047845795,0.5310237042640189,-0.033668752783532874,0.08748251190260814,-0.2044579400573895,-0.20738889650251435,-0.8747912529127457,-0.9800354284827617,0.36186768024206106,0.5987113748884205,0.21331817418092824
2024-11-18,0.4005739999417546,0.6472040774180021,0.4183369223136446,0.6795082878490697,-0.4599317041899994,0.5747343131743587,0.1613669395749735,-0.31680973098919596,0.6420273924042155,-0.13899703502990712,0.1613669395749735,0.6804259291808104,0.7641864834964218,0.6497928751102802,0.9779758732444899,0.38233332358359307,-0.1474106229267509,0.5747343131743587,0.22914791269559798,0.2458638065141403,0.38680228519855686,0.17707646461679794,-0.8956553972395112,-0.45427970953681074,0.8824954560173432,0.6523896551651429,0.35263470738749136
2024-11-19,0.61066369409014,0.6250234264817582,0.6189674489111334,0.6480171115329467,-0.7186158467233195,-0.20461932017639695,0.23195097839979417,-0.2811866221083308,0.6681344722482061,-0.04993783203537627,0.23195097839979417,0.7069186715750948,0.780640592463143,0.6861025807768617,-0.49813257674382194,0.5953824155838354,-0.4928138883558323,-0.20461932017639706,0.43435786951250743,0.20843931225781454,-0.5495851159967424,0.10175791979834115,-0.7078542171719607,-0.2546289169047332,-0.6576986102449351,0.6888041398045877,0.3243637355362168
2024-11-20,0.6481393918944987,0.9168703466065748,0.6732555766367554,0.9336884165109471,0.3881500732057921,0.836333433291601,0.31938190909223874,-0.23091645400719607,0.7566658741708587,0.02034909735898438,0.31938190909223874,0.8150455340671496,0.7956983247686669,0.56027934917086,0.9910735641449133,0.6530308528106443,0.9887963726069349,0.8363334332916008,0.7525438199024754,0.3236977253069364,0.46706266279260067,0.4800192540178634,-0.7913267152301302,-0.4276585883605949,0.9403445191007913,0.7738944422942284,0.433625942968513
2024-11-21,0.8321098572118142,0.9857462375689541,0.889228556792381,1.0090424252774128,-0.35711507915015583,0.1344119465184519,0.39589316294576116,-0.17881190101745326,0.8800466996017176,0.04915633378447293,0.39589316294576116,0.9152164969770096,0.8113544062688802,0.5168684014285794,0.03930405101382228,0.8823720607468364,-0.11856714682793867,0.13441194651845167,0.9536510944266079,0.36682802955483473,-0.1964341475718936,0.5183790664631216,-0.9582637509709152,-0.7071778219810141,0.25340206615817107,0.8578464074048187,0.43358664402899705
2024-11-22,1.045606708654684,1.055322621703569,1.1240839333544557,1.0394091005972883,-0.5643243180851603,-0.007711468258576937,0.4804776330662819,-0.12982369970891294,0.9723832406637147,0.11239121085859871,0.4804776330662819,0.992893611394265,0.8330193590162374,0.5388092415263959,-0.9658569460805497,1.1317644417393273,-0.39929879427925175,-0.007711468258576937,0.7335404111634249,0.5126661424802048,-0.931628677306912,0.23087768006560228,-0.27797801651038634,-0.85358637226066,-0.9107841236422951,0.9314221359755848,0.29994472064521993
2024-11-25,1.0365215334760531,1.0289394570569703,1.033210093360223,0.9955462681469456,0.09415046209769007,-0.23693735800050963,0.562230497570956,-0.08369093288397755,1.02126425378987,0.20226250775848942,0.562230497570956,1.0271155707224868,0.8578038203547165,0.4658749293485933,-0.590859311877889,1.0352657213018914,0.28987283767960115,-0.23693735800050975,0.41142659297090356,0.4807247905190424,-0.6512490774124373,0.10403225541643524,-0.2904996872566672,-0.1614524540581307,-0.8890921041835771,0.9812673813183277,0.25262211244764
2024-11-26,0.982011782019256,0.9489736859495284,0.9553182948226773,0.914568467293944,-0.7894687541341961,-0.35305721461837636,0.6426574186189105,-0.04757628506948974,0.9994208575959775,0.3404914974790392,0.6426574186189105,1.0144281223207354,0.8887249259283698,0.36666627857262557,-0.601479498632493,0.9525526006511003,-0.7793815353347813,-0.3530572146183766,0.3526161424101837,0.595289184480162,-0.570986658660295,0.029115993165852228,-0.7182823091475665,-0.24131581758677823,-0.7155476733283831,1.0034852756034742,0.23515981090394522
2024-11-27,0.8128045097647176,0.856166133781846,0.8585436496761076,0.8279673033895063,-0.6816577982148264,-0.37399346763026253,0.7216040389160503,-0.016895584161338073,0.8780784117940217,0.5473401701823131,0.7216040389160503,0.9632430127254221,0.919357759309019,0.16805854161402767,-0.5624716366306995,0.8497878288749372,-0.6508419605956101,-0.37399346763026253,-0.0991849892906852,0.4731050237115024,-0.5174797402642659,-0.012467735046659767,0.08511859362954155,-0.5873802379581958,-0.787859002182693,1.0009478906324945,0.23355684742174887
2024-11-29,0.7878207112284785,0.8293162705691299,0.8656248859804574,0.8572094777131345,-0.8797440594098965,-0.008531346674385487,0.7617795740659163,0.012724062578873374,0.8978416292882323,0.5945386292896844,0.7617795740659163,0.9214110841016938,0.9532873242099587,0.1699058169149512,-0.76683216490994,0.8573073773228539,-0.8405236161398517,-0.008531346674385376,-0.1511787640498864,0.576680382733447,-0.80642199838226,-0.1745650783614272,-0.9373996066441499,-0.9600708569655233,-0.440770140472305,0.9995331284944435,0.1541262535835548
2024-12-02,0.8820774542842922,0.8608357913813771,0.8915885186912558,0.8673317028197596,-0.6789053669745542,-0.06963520398609158,0.7917691913271554,0.03811624086443688,0.9287797632487025,0.6182409157098119,0.7917691913271554,0.8809581577881302,0.9828332734763376,0.30933523366417415,-0.7407417260929472,0.884878098827069,-0.5734221923419596,-0.06963520398609158,-0.17370178618942533,0.3983860391650571,-0.7796664980261468,-0.30337670252685744,-0.561781325757941,-0.1481393547401757,-0.9758629404135991,0.9954017036013254,0.09384924763918012
2024-12-03,0.9104679769100197,0.8701751065804397,0.9128317774017296,0.8797033589539793,-0.7721328767257079,-0.06256236363572609,0.8229045663892751,0.07031007643872345,0.9559295069231564,0.64638937242834,0.8229045663892751,0.8428026222472695,1.00139311053738,0.32903948557686236,-0.8138177159792791,0.9074362661017461,-0.669345521426427,-0.0625623636357262,-0.10973356691090319,0.21521825773541092,-0.833173416422176,-0.4383571425415569,-0.8121908595568956,-0.17476047591639154,-0.9469384088718751,0.9893767869713215,0.03060352636699859
2024-12-04,0.9320446181517741,0.8818488052562088,0.880967339538594,0.8065983521800084,-0.7140210623141554,-0.3328565908808975,0.8468617289919191,0.10256741566956595,0.967955312594726,0.6743628884108444,0.8468617289919191,0.778155428182771,1.0095355512437836,0.47703152773713686,-0.5568634910699529,0.8735994932588036,-0.5896244264762401,-0.3328565908808977,-0.10221204555497732,0.17809302704658614,-0.6351974101252483,-0.4689683258893791,-1.0,-0.6805567008047982,-0.3395370384714209,0.9654635302634513,0.028865574785867265
2024-12-05,0.8400591688906183,0.8059684278945327,0.8514628635743331,0.8290922334208533,-0.8167932933017366,-0.02979417184669475,0.8718166835264578,0.1326159017226276,0.9797265259082681,0.7040396167962368,0.8718166835264578,0.7256176210608671,0.999313841078604,0.46754722857558906,-0.8287560257380032,0.8422687584960935,-0.6102798828784688,-0.02979417184669475,0.02621978367937272,-0.05840312814423643,-0.8492291660255622,-0.5888745954195429,-0.8330629642592149,-0.18807865269404067,-0.9541681625597311,0.9444550954401096,-0.02958417977646355
2024-12-06,0.8514156378639068,0.8176425718933609,0.8939489307927058,0.8110972142351973,-0.993392833201779,-0.15910556637574635,0.8849772698888718,0.1608422302992123,0.9928138105883362,0.7147898083356432,0.8849772698888718,0.6695587059194221,0.9712348816620688,0.5490934807485857,-1.014023375912976,0.8873846149763747,-0.8388162278646696,-0.15910556637574647,-0.029903741496979053,-0.13788575109983425,-0.9883463373919987,-0.7534866237291197,-0.6661179681428759,-0.7737230087320125,-0.8818595921005711,0.9183489174100967,-0.10204526313763751
2024-12-09,0.8763990031951499,0.844492435106077,0.8550032566252204,0.7807305389153216,-0.7858728359009374,-0.19882081664283413,0.8942471126963245,0.1812353085039511,1.0011758345778627,0.7229717554138815,0.8942471126963245,0.6072221518787935,0.9271522038311331,0.3631259259626809,-0.620161474857428,0.8460282936855155,-0.4407897760438503,-0.19882081664283413,-0.07783602068540385,-0.1892397570267662,-0.6887043285212775,-0.7654242419899273,-0.6452458634405567,-0.6938647226630591,-0.527543735097477,0.8856192721158027,-0.10307175294137572
2024-12-10,0.6992424192618074,0.6968179647746091,0.7198727026845966,0.6783837868528224,-0.6451658872550892,-0.43053774488251717,0.9046157553000813,0.19571675152291923,0.9987192681886226,0.7405361666202814,0.9046157553000813,0.5164870214747428,0.8687867913216207,-0.021970770856427846,-0.6852972092066143,0.702533471104015,-0.021216630474203968,-0.43053774488251717,-0.2134218034921378,-0.241364842863802,-0.5255055739078603,-0.7045707379918639,-0.029654101106552977,-0.38107289566714075,-0.9975549598723171,0.8336831781292167,-0.059342437448567265
2024-12-11,0.7310396659770235,0.6752211323690713,0.7051204647024663,0.6840071499042586,-0.7913555013553504,-0.08337814849457759,0.9159752439034219,0.21304549764471847,0.9946498456483785,0.7607607461160655,0.9159752439034219,0.44082219236797404,0.8032229939802533,0.03165268498016527,-0.7322584766883209,0.6868681037226598,-0.31985021303584604,-0.08337814849457759,-0.12196070467125908,-0.1690465439336295,-0.785018414560609,-0.7650498450833916,-1.0,-0.14814443219986984,-0.831243041100129,0.7857855314467455,-0.08847354622987291
2024-12-12,0.6356474926263791,0.6868952763678997,0.6791563817890927,0.6806332178804169,-0.4547376000752923,-0.11276375625129986,0.9396527305844724,0.23282433802088853,0.9575251217978558,0.8233197396283556,0.9396527305844724,0.3748031054271288,0.7359636564889978,-0.5518042143582567,-0.48709478430997144,0.6592969041493717,0.29945587334484824,-0.11276375625129997,-0.15229540650741225,-0.09794255045317823,-0.6137917851454986,-0.7427632750900517,-0.20702718919849772,-0.6406224803106275,-0.607082059244493,0.7398681165182592,-0.07754535871788237
2024-12-13,0.7162764729142463,0.6903972969060184,0.7417061769710767,0.7121243941965398,-0.8143072263750392,0.0010985308944237993,0.9629628416523517,0.2574324297108437,0.9188842639078272,0.8863984111625287,0.9629628416523517,0.32881081233077714,0.6682287846998805,-0.6910427604503894,-0.8611048228898079,0.7257183869332866,-0.41998595112372306,0.0010985308944237993,-0.09358415757318983,-0.09533524840654939,-0.8813325005999404,-0.8401694146342398,-0.7287183614987262,-0.4010425446440732,-0.9180138773301512,0.7024483895076823,-0.12764219917966824
2024-12-16,0.7707866575760398,0.8211445924314797,0.8048457375264919,0.8212194393418226,-0.3192691495964137,0.25269383049357863,0.9985609198553023,0.2906415804362228,0.8402459425593873,0.9967108948566532,0.9985609198553023,0.32511374903101076,0.6046951490345638,-0.4543476188126402,-0.4456126017895776,0.7927661402027231,0.43172002061990833,0.25269383049357863,0.0735792480672377,-0.007750335569006617,-0.5683127415511626,-0.7880255592780265,-0.41570843434392146,-0.47424428105404903,-0.563698020327057,0.6872028907093453,-0.11929706784732941
2024-12-17,0.8003126104965981,0.7739822085161678,0.81841754435661,0.7346182754373847,-0.3922751685420194,-0.37812437980742686,1.0159277060010523,0.3202746833979735,0.7971335332184861,1.0539099494366688,1.0159277060010523,0.28882782290067066,0.5413752118094093,-0.5077465571099791,-0.8209438303225031,0.8071780104748887,0.19889766619154203,-0.37812437980742697,0.09367093325628728,-0.09487058224853817,-0.7796664980261468,-0.835042452654577,-0.5075234059825755,-0.8269652510844442,-0.7155476733283831,0.6542109446701432,-0.12850238040857231
2024-12-18,0.7548876010134355,0.7382601739935661,0.5705801263378487,0.48831136988963775,-0.39824616857131945,-0.899022454399866,1.0029217687786272,0.34242388195138007,0.8355912790351872,1.0066778801395229,1.0029217687786272,0.17374998123265328,0.4722909953350094,-0.664749493842328,0.474690169510249,0.5440000296957541,0.11503672897860784,-0.899022454399866,-0.2143016118540515,-0.25081276383830475,0.11391169436775161,-0.4859451312918567,-0.3113638315834326,-0.9467577576475683,0.5787933916195414,0.5757866754254692,0.07694385007316584
2024-12-19,0.5493404944543656,0.5257956517685443,0.5068503502064272,0.42532858822229214,-0.6192619577599472,-0.3142491255223535,0.9877736534991375,0.3636505025377701,0.8809238418036094,0.9512812823275767,0.9877736534991375,0.05986236485256646,0.396194427259805,-0.6460886148511337,-0.41455185833586006,0.4763255278717229,-0.2848008922434728,-0.3142491255223535,-0.2873304521179032,-0.3257056640625814,-0.570986658660295,-0.48219774198133425,-0.3322359362857519,-0.9733788788237842,-0.32507477270055896,0.4928048939457037,0.09055674494161936
2024-12-20,0.43691383424628616,0.6320279128810551,0.47911607076760987,0.6615132686634138,0.9200352133622547,0.7038346838291551,0.9692592709233672,0.393465681678693,0.8597373852820731,0.9381347473502595,0.9692592709233672,0.04874734053182195,0.325234996016055,-0.2645904661023143,0.47348216832593804,0.4468745607037239,1.4422235650962927,0.7038346838291551,-0.036691878902735175,-0.10030650944672348,0.041677150417302355,-0.21166046483850798,-0.833055003883661,-0.7138292941802975,0.5354093527021051,0.46304205750368355,0.17442389389987834
2024-12-23,0.6526819794838141,0.704405824381553,0.6903682267203357,0.7346182754373847,-0.633712221771376,0.13776995137994907,0.9505919027292107,0.42847474994731405,0.8145261090359857,0.9418687922461342,0.9505919027292107,0.06347208603338395,0.26308375723025734,-0.17662933790939284,-0.44934275512143684,0.6712027363413049,-0.5642523102127128,0.13776995137994907,-0.07860589887483815,-0.008327183051542453,-0.5843644088383516,-0.2503207344087828,-0.8956633576150651,-0.5674156664409574,-0.36846157001314495,0.44861145214179743,0.14236020280484274
2024-12-24,0.768515363781382,0.7721145236055791,0.8290391737118468,0.8020994901248195,-1.1318578822083731,0.11667941031062501,0.9344492058226741,0.4650793437943417,0.7582085079323568,0.9573650390544506,0.9344492058226741,0.09638385535999139,0.2150654969450425,-0.10744190024894584,-0.8942122232338252,0.8184570941122273,-1.177015005377664,0.11667941031062501,0.10666413594376745,0.1456117258030596,-0.9027340432634928,-0.4227228247026481,-0.937391646268596,-0.7737230087320125,-0.672163634410947,0.4464244661382981,0.050807051196005926
2024-12-26,0.8071264918805714,0.7977967497568825,0.8479220203208708,0.759361587705824,-1.0134145507721457,-0.2385670850747914,0.918383030909921,0.5013981408458819,0.7073148190194933,0.9691143119824037,0.918383030909921,0.10612794528481473,0.17680957133268205,-0.07479135632686373,-0.8543924319847471,0.8385087452375988,-1.0078873567618865,-0.2385670850747914,0.36729430771867455,0.10151073933396071,-0.8706307086891147,-0.5581321063832171,-0.20703514957405156,-0.8668943941189209,-0.831243041100129,0.43396746600591474,-0.004290164691767462
2024-12-27,0.7571588948080932,0.7616080166681631,0.824318349508947,0.7818550399115691,-0.7760839473770662,-0.029237445282221164,0.9093553618264989,0.5418722858591716,0.680780992264457,0.9742462940642767,0.9093553618264989,0.11953219633648393,0.1476318218067243,-0.07479187094368955,-0.9293020208705968,0.8134440618136161,-0.6539142209870235,-0.029237445282221164,0.4802044651802131,0.12509474182146874,-0.9294875024615075,-0.7011645299494876,-0.7495825058254916,-0.85358637226066,-0.730009939099245,0.42501034580495767,-0.07369954468027906
2024-12-30,0.7946345926124518,0.7475990438695694,0.7251832922609276,0.6997527380623201,-0.8137079066694961,-0.36545431712276044,0.9006337223490279,0.5756880588288882,0.6676363093883331,0.9703073739048564,0.9006337223490279,0.10049949327953311,0.12153558348113935,-0.14178533152031847,-0.4170208195364433,0.7081727738881476,-0.707245132951259,-0.36545431712276055,0.07178860854428404,0.021756099514658844,-0.5442331994622804,-0.657049371282284,-0.8747992132882997,-0.18807357523434654,-0.5275409767023271,0.3993742258651243,-0.04053483981164496
2024-12-31,0.7469382893346315,0.7236678279873252,0.8001249133235921,0.7267454813583538,-0.7877817801482229,-0.013872722321225162,0.891759068068581,0.6182455364145218,0.6482713713865058,0.9705660285070927,0.891759068068581,0.09293405769045826,0.09499718588980532,-0.07941373349421321,-1.0150602977678391,0.7877531079041118,-0.622906118945262,-0.013872722321225273,0.015335224954965199,-0.05107025622150352,-0.9803205037484042,-0.8090699636666332,-0.42613652631952714,-0.7138292941802975,-1.0047874719553231,0.3799830761146914,-0.1153227707583695
2025-01-02,0.7741933816655282,0.7277536670561502,0.7204629182606028,0.6975033070347256,-0.6087849614260079,-0.19652788428476464,0.8802066985129486,0.6560928054940647,0.6231780775364668,0.9708211253756378,0.8802066985129486,0.07554010642842157,0.07061816208971816,0.0018716722089975324,-0.5071277589474569,0.7031602196586095,-0.32293513820717124,-0.19652788428476475,-0.10049846726707357,-0.0005242497972678395,-0.6137938263035972,-0.7809149350338992,-0.8539271085859803,-0.16145753151782483,-0.6432363444740732,0.3554696917992992,-0.09790874471917688
2025-01-03,0.7378535473609966,0.7020709955817874,0.6402107076216075,0.5512937225218837,-0.7745523525740116,-0.5779308683287194,0.8578670334165626,0.6893631084505916,0.599384595106381,0.9536972784642908,0.8578670334165626,0.011334342027845334,0.052053873441639364,-0.15775857933300874,-0.16987940530712442,0.6179405828585125,-0.5324539559695691,-0.5779308683287194,-0.22627625807806917,0.09218236394302637,-0.3676587358289053,-0.6491314696826979,-0.6452538238161105,-0.9866919781417391,0.06539812792726507,0.30451904604974,-0.012536749399518987
2025-01-06,0.6140708513846247,0.6641308069009495,0.6838772059919924,0.6693860627424446,-0.7432101516767189,0.2924161935738374,0.8485333347271893,0.7254651040793252,0.5829538430286134,0.9511656405436917,0.8485333347271893,9.181706684513458e-06,0.045212587874149834,-0.03106452941808946,-0.6570552166726653,0.664309936447983,-0.4645326722526889,0.2924161935738374,-0.11038177019287898,0.2649625831905915,-0.5469091577295114,-0.6131215044894778,-0.4052723819927617,-0.9467577576475683,-0.5420060008683389,0.28073089406182516,-0.015108979558589475
2025-01-07,0.6526819794838141,0.5946715427309233,0.5593682814066054,0.5299247713123858,-0.5645240913203413,-0.5580812163857694,0.828182832884893,0.7482951540675944,0.5673982791893768,0.9312074859776465,0.828182832884893,-0.05631315913369239,0.033204055624108664,-0.18077748685260464,-0.3248795504204759,0.5320941975038209,0.16936503150746174,-0.5580812163857694,-0.18214412970814342,-0.08720069782766804,-0.3275275264528341,-0.48620227698818486,-1.0,-0.32783065331470906,-0.3395370384714209,0.23191859893335676,0.06917389943435093
2025-01-08,0.42669322877282445,0.5036150008323002,0.4714450690898293,0.5096803210991354,-0.8417427506732358,-0.16956878621525906,0.8076793162396219,0.7735321686170673,0.55358789651481,0.9097727817620733,0.8076793162396219,-0.10718224656137165,0.013698075135743837,-0.31203496523017404,-0.3105516286997463,0.43872874177028565,-0.36624382647748244,-0.16956878621525917,-0.23854743089556008,-0.16996659218824184,-0.5121298648879024,-0.456742888808374,-0.31137179195898645,-0.7471069650154908,-0.375691323701001,0.184073263068105,0.08705202688289115
2025-01-10,0.5447979068650501,0.48960647335676555,0.5351748452212508,0.4916853019134795,-0.8582129440626063,-0.1622422432547812,0.7880173664184198,0.7982119560262995,0.5440266140732772,0.8865948370001322,0.7880173664184198,-0.1524431634509582,-0.01474313054656351,-0.25952656706358634,-0.8238303639103272,0.5064032435943167,-0.4525921692264018,-0.1622422432547812,-0.22610979075640236,-0.24399672392254912,-0.8652808333127513,-0.5852821482363956,-0.8956633576150651,-0.5075219518892424,-0.7806264900996871,0.13766028016960896,0.028383650465144683
2025-01-13,0.5084580725605186,0.49427613095629686,0.5269136279674638,0.5355481343638222,-0.932395405393167,0.04615280785767184,0.7783011453139035,0.8266168108882113,0.54264517175889,0.8727594935295708,0.7783011453139035,-0.17200564444356214,-0.0465341099603922,0.03444519010359515,-0.7379103305147487,0.49763067610628364,-0.617006364807791,0.04615280785767162,0.005198646753256764,-0.1681318114508611,-0.80642199838226,-0.6710042364591984,-0.9582637509709152,-0.41435056650233404,-0.730009939099245,0.10443265577842586,-0.020362381975255084
2025-01-14,0.594765070732532,0.6028432208685734,0.6213278610125834,0.6221492982682602,-0.850665955177989,0.18808122276562966,0.7740933403781425,0.8603765440807354,0.5379579848775184,0.869680538118742,0.7740933403781425,-0.15684787424281343,-0.07812466018037723,0.203409366663865,-0.6510332069812295,0.5978889317331411,-0.43824464427273846,0.18808122276562966,-0.03299624068844864,-0.11000472786945714,-0.7368613715409432,-0.7149491917222051,-0.6243817191137913,-0.46759280885476573,-0.7227774270162391,0.0909501906954997,-0.0553550493474112
2025-01-15,0.6822079324043724,0.7032386326431999,0.6543727300277316,0.6243987292958546,-0.7674049101597564,-0.0943320158910752,0.7702680578575267,0.8730281685275372,0.5335346483925436,0.8669970626808305,0.7702680578575267,-0.1430087366172379,-0.10595792235955626,-0.07333587974565448,-0.23893484018417244,0.6329792016852729,-0.27699479902977464,-0.09433201589107532,0.14337840636020927,-0.035414180983527443,-0.4265155296012979,-0.6176388715890075,0.3981364811599002,-0.2812449606212549,-0.7589344706409691,0.07861782061489841,-0.009800188190535075
2025-01-16,0.5777310170800931,0.5946715427309233,0.5953637780992098,0.5422964274466056,-0.7149977314639293,-0.37242663737753745,0.7587157174864847,0.877124017841167,0.5244983627027457,0.8558141034171323,0.7587157174864847,-0.15870879711111674,-0.1347209812351371,-0.29208776549742976,-0.5377545656587971,0.5703177321598529,-0.18640327879826446,-0.37242663737753745,0.06593015228445664,-0.13365625885012344,-0.6565989527888009,-0.6336827697226775,0.37726437645758093,-0.5873802379581958,-0.8963218578714331,0.051267838999154325,-0.0036333180060291737
2025-01-17,0.5220854021234689,0.6180193854055205,0.5930033659977598,0.6255232302921019,-0.7516006275543228,0.17646805322000647,0.7454037214735196,0.8843208511331591,0.4872490260257898,0.8620446519300242,0.7454037214735196,-0.1418104778734679,-0.15956439535808808,-0.2656810711522415,-0.36520510999277467,0.5678112160105473,-0.2298674914741824,0.17646805322000625,0.1938562856607713,-0.03237720026659796,-0.5388812829278183,-0.5962302748755599,-0.4157004739683675,-1.0,-0.23830393647053705,0.042463296069428225,0.00011168761082158696
2025-01-21,0.7389889776558276,0.8713422983187931,0.8054355028999232,0.8538355456892925,-0.47260620611093007,0.650809946737738,0.7535133309236781,0.8984443465227689,0.5212328208820676,0.85020548997254,0.7535133309236781,-0.05080531499181684,-0.16666702743867823,0.089280663962505,-0.13401197258203068,0.7933924106882446,0.2542995905577228,0.6508099467377375,0.4237312832760449,0.31439959172281107,0.049702984060896904,-0.3069871942033082,-0.12356265151588208,-0.85358637226066,-0.15153034184536507,0.07736887524506453,0.09459597999010949
2025-01-22,0.8548223619533954,0.8690074695190273,0.8797869083865815,0.8943240170806936,-0.358802053136129,0.026780211420665445,0.7811318462074748,0.9137227862213708,0.5739918079030348,0.8547473805806356,0.7811318462074748,0.034101078680498054,-0.16277028560346407,0.10812225765410766,-0.617543629619322,0.8723459961496143,0.360688076759514,0.026780211420665445,0.3609845540610448,0.23808990368148653,-0.6887043285212775,-0.3784580697342239,-0.9165275019418305,-0.3344872029736865,-0.628776837098361,0.11422248934405221,0.05521840291060487
2025-01-23,0.9365872057410896,0.920372812467753,0.9429264689419967,0.8853267220054155,-0.904138591128115,-0.13012698860018368,0.8124226583935008,0.9231885326472644,0.6020846643927085,0.8824610935805544,0.8124226583935008,0.09663079223023052,-0.14528862143615318,0.20608774128114105,-0.693788925282049,0.9393937494190507,-0.5969974062901642,-0.13012698860018368,0.34697430539092,0.36477843747204775,-0.7395352886500757,-0.46257574216060027,-0.3948363296416021,-0.4476231598778333,-0.8167807753292671,0.1432410642235311,0.018724339952514546
2025-01-24,0.9445365174198936,0.9460550386190565,0.9836427898375009,0.969678454882259,-0.870798657879012,0.16466793699362903,0.8333852194476983,0.9346882165414052,0.6705791474669718,0.8656420956095372,0.8333852194476983,0.17228845112550628,-0.11334480909184574,0.2610593745089709,-0.7819362902559801,0.9826303163736938,-0.5276995169163577,0.16466793699362903,0.559825220320969,0.46392296825441615,-0.80642199838226,-0.5646586845268426,-0.9373996066441499,-0.45427970953681074,-0.7155476733283831,0.18293353638949106,-0.04043840491037298
2025-01-27,0.957028416688013,0.9192051754063406,0.9281742309598664,0.841463889555073,-0.8164603379097682,-0.5012854026406767,0.8406532620737877,0.9458443951093511,0.6890344097955199,0.8635810011425529,0.8406532620737877,0.18593147125508414,-0.07466821107070387,0.1329792824328626,-0.615847443729129,0.9237283820376958,-0.42878425076648685,-0.5012854026406768,0.29139027932961636,0.36167295349202067,-0.570986658660295,-0.5504161547849886,-0.7913267152301302,-0.8003441299082283,-0.40461585524272503,0.1917748927186369,-0.01402242553226285
2025-01-28,0.6935644013776612,0.7656938557369883,0.7487869630728512,0.7807305389153216,-0.6094286751838136,-0.2949357266745458,0.8391996652224061,0.9551692835679382,0.6853348562493151,0.8639992935280745,0.8391996652224061,0.17351068637049405,-0.035175309221709306,0.2422901126278283,-0.4337687616035003,0.7332374573121303,-0.09986172052254139,-0.2949357266745458,-0.062018152468739984,0.26165289490104016,-0.36765669467080664,-0.44936496962860406,-0.6556819157917163,-0.7471018875557967,-0.33230728478356486,0.18659204498373727,0.042232763765037484
2025-01-29,0.6719873269309107,0.7172471601187345,0.7269539389889463,0.6930048740146364,-0.5596629425976025,-0.3835677832099944,0.834685830680695,0.9679145705984933,0.6782113334444986,0.862189082042836,0.834685830680695,0.13173969103601224,-0.002189428746697808,0.007387853773930475,-0.5982599810751748,0.7100530195519315,-0.07158048162844666,-0.3835677832099944,-0.21286161851435703,0.09808779424486214,-0.557610949640337,-0.4446594556912028,0.10598273795630697,-0.7537635146744682,-0.7589317122458191,0.16422745405796335,0.05960569549486716
2025-01-30,0.5913583466430434,0.6413667827570584,0.6012645832515469,0.6592638376358193,-0.5149137379170488,-0.21172172903607378,0.8263467136183673,0.9781623100928565,0.6651646246598393,0.8587638027149118,0.8263467136183673,0.0855923349172596,0.02393992861078531,0.14766410147685938,-0.2807900382690458,0.5765837834985803,-0.04628475502248941,-0.21172172903607378,-0.24246800758128662,0.06499388253391825,-0.4051119457796468,-0.37404993119825913,-0.6243817191137913,-0.2812449606212549,-0.462464918326173,0.1371477487679631,0.09869439945840197
2025-01-31,0.7105984550300999,0.7160799683803813,0.7027600526010163,0.6401443174539161,-0.6577516010714948,-0.16441735285361436,0.8222919234855823,0.9902638678690545,0.661742506679988,0.8550170657755465,0.8222919234855823,0.04145600400651128,0.04681898855431155,0.14931498708710378,-0.46178690562015334,0.6843615875733544,-0.2985741928593939,-0.16441735285361436,-0.35961703182520555,0.12412150887762308,-0.5870383259474841,-0.3922248335206069,0.10599069833186081,-0.6406224803106275,-0.679393388098803,0.10880988500209043,0.09366007059333548
2025-02-03,0.5754597232854355,0.6553757555556523,0.5570078693051557,0.6885060119594475,-0.479931224734235,0.05726820821055867,0.8196907302041792,0.9976608150486852,0.6579223094301634,0.8537709573412144,0.8196907302041792,0.022076879468852395,0.06555149622641498,0.22814116862179667,0.08924885240733182,0.5295876813545153,-0.05377183776073535,0.05726820821055867,-0.15729850935884426,0.0908184671011405,-0.2044579400573895,-0.24106638470870978,-0.9165275019418305,0.03154686637466342,-0.17322511969923304,0.09215742804838967,0.15543122801459308
2025-02-04,0.711734318529927,0.7079078449196718,0.5847421487439728,0.7256205513270069,-0.2319682458222977,0.01930573808982694,0.8216033714644881,0.9992913237689978,0.6608561871417427,0.854598234052742,0.8216033714644881,0.018535402074812524,0.07347721749926861,0.2211903495555494,0.21230843742579952,0.5590386485225145,0.29044279362365466,0.01930573808982694,-0.04141220077018282,-0.08047944857523803,-0.0894182696217366,-0.05987353178554966,-0.6661179681428759,1.3159867677338362,-0.802321267953555,0.08360879330424265,0.2324098970021098
2025-02-05,0.7287683721823657,0.7919599004189981,0.7204629182606028,0.8032244201561665,-0.29369817549324007,0.14981865266392802,0.8387406499980687,1.0047793838007384,0.6761705828389568,0.8698273008083097,0.8387406499980687,0.0410500814795276,0.07427149626705898,0.21178030232390066,-0.10301396788998862,0.7031602196586095,0.17922856745174087,0.14981865266392802,0.1593857372173766,-0.047117427194272365,-0.31950169280923957,-0.003219234834585305,-0.6035175747870258,-0.015043903778484746,-0.411845608930581,0.08971715068608832,0.24276892904271308
2025-02-06,0.8116686462648905,0.8865184628557401,0.8691652790313447,0.8392144585274786,-0.2869724765754783,0.013442563146526032,0.8502930195537011,1.001438827499308,0.6985299288376592,0.8715197131127308,0.8502930195537011,0.06973725129529273,0.07119753455296851,0.24624197998445818,-0.44105979753891533,0.8610669125122759,0.06498519565350036,0.01344256314652581,0.24572049537627838,-0.007632488237251711,-0.5602848667494695,-0.05916638046975964,0.4190006254866656,-0.7204858438392749,-0.7083151612453771,0.10069119352308875,0.21004259043202378
2025-02-07,0.8105332159700598,0.8129729142938296,0.81841754435661,0.7424910695164153,-0.7667389993758196,-0.40952756402467694,0.8647525828120977,0.9920136924658183,0.6978377020484867,0.8940668755268824,0.8647525828120977,0.058332050833256543,0.05817219094271686,0.22470092264173958,-0.5835749618379076,0.8071780104748887,-0.6367677203244823,-0.40952756402467694,0.1508837478595091,-0.1643494268024709,-0.6673007446996264,-0.1543421953346027,0.0016460955713721859,-0.7337938656975358,-0.701085407557521,0.09100928266103492,0.18528219565470017
2025-02-10,0.825296409032837,0.8048012361561796,0.7771114580876748,0.689630512955695,-0.7662284677748015,-0.2726334890735238,0.8769934752042341,0.9796456802644447,0.6873419003090115,0.9202135799604931,0.8769934752042341,0.03038655251979172,0.040393233304883314,0.06038516058059207,-0.38617792806784745,0.7633151730347238,-0.6410630678867197,-0.2726334890735239,0.026250369651947825,-0.10164503745790643,-0.5174797402642659,-0.17146483174705363,-0.41570843434392146,-0.8935205927548308,-0.2672257096171111,0.07165579253687215,0.187698101026762
2025-02-11,0.6538174097786449,0.6676332727621275,0.7003996404995665,0.7020021690899145,-0.5863659650334687,-0.06140567103786143,0.8913000236596547,0.9692660940717663,0.6699181902504101,0.9544459190739312,0.8913000236596547,0.011723407637339367,0.021900766959311646,-0.26181061331761035,-0.7423116179652554,0.6818550714240488,-0.38969484049578607,-0.06140567103786143,-0.0037909241950166983,-0.037529419156077215,-0.7983941235805669,-0.30886020585320173,-0.9478276986197556,-0.6672436014868433,-0.585390039785775,0.056183777948144886,0.12127225130436248
2025-02-12,0.41647262329936274,0.40322003438073306,0.28497656489846457,0.3972113439300109,0.4520553114375949,-1.0936631262876637,0.8818898321610895,0.9509725808599465,0.7027689041272602,0.9166922951830616,0.8818898321610895,-0.1060444140989123,-0.0052782213774172915,-0.6189264518734026,0.23998072367118728,0.24071826859680345,0.8011073950497274,-1.0936631262876637,-0.46170628762865185,-0.23573154261725215,1.0717006382266034,0.3879382857167042,-0.08181844211124345,1.196194261170712,-0.9903252061844611,-0.015369811860107219,0.5227289016447649
2025-02-13,0.6833437959041992,0.8339859281686612,0.7605890235801007,0.8155960762903862,-0.11834166905654653,1.3322927263473368,0.8950488133710783,0.9505351398812412,0.7145721699874479,0.9283547005875774,0.8950488133710783,-0.057076225800345326,-0.021585396937202628,-0.08140398411206318,-0.0788975870901355,0.745770038058658,0.020131102430927417,1.3322927263473368,-0.003263131619919424,0.17576609483953698,0.9646847602764466,0.9451420230962642,-0.0818264024867974,-1.0,-0.04306748615662492,0.0003605603873466645,0.6737921519627441
2025-02-14,0.7980413167019402,0.7931275374804105,0.7729808494607813,0.7031270991212617,-0.5678314482138941,-0.4610057042687088,0.9004042147368598,0.9450868568651483,0.713849892926075,0.9370373914195089,0.9004042147368598,-0.05643824433586031,-0.03277481867092369,-0.24932483178761788,-0.4282728453864989,0.7589288892907073,-0.5315284703750135,-0.4610057042687088,-0.02277017423991723,0.0906767860757216,-0.552259033105875,0.766248175547172,-0.12355469114032824,-0.6872081730040815,-0.527543735097477,-0.007810904876843661,0.6216884270967216
2025-02-18,0.7389889776558276,0.863754438711849,0.8024853254250421,0.8887006540292575,-0.6471192255546371,0.502067881413554,0.9239679398878704,0.9458424532870775,0.7267742442114393,0.9637707546650769,0.9239679398878704,0.006491075797271151,-0.03455629340813593,0.018711247663321995,-0.1628840594011719,0.7902596240534174,-0.6118900930005928,0.5020678814135537,0.26795256030525594,0.21494542551423113,-0.35428098565084865,0.6975795961745812,-0.9060914495906709,-0.8203137788851608,0.07262788161512113,0.019203613516103113,0.5422802427983511
2025-02-19,0.8411950323904451,0.8800977949871494,0.8797869083865815,0.8909500850568519,-0.792198988348337,-0.09464996234436118,0.9420232780547146,0.9462401324206222,0.7453789661771244,0.9780562255891969,0.9420232780547146,0.05589665339790928,-0.0302858607255988,0.07434510538006456,-0.5484385873773887,0.8723459961496143,-0.7466839921072745,-0.09464996234436118,0.25511963679132,0.18233030867538114,-0.6378713272343808,0.5143436193979007,-0.6556819157917163,-0.49420885257128744,-0.563698020327057,0.04223657192477548,0.45897439986805844
2025-02-20,0.8900267659630963,0.8421576063063114,0.7334449597172898,0.7537377956192879,-0.7232772222108771,-0.5347339407000569,0.9352142506529615,0.944371007117891,0.733390306615195,0.9762109801266057,0.9352142506529615,0.047274310428377264,-0.029574424416977774,0.03017019835051804,0.0896096364280925,0.7169458194452536,-0.61754338348819,-0.5347339407000569,0.482439530105099,-0.011185880028371842,-0.06266481042372207,0.6064869879758432,-0.9373996066441499,0.3576416377691487,-0.2672257096171111,0.03571030495637695,0.5344252732526853
2025-02-21,0.7174123364140732,0.7020709955817874,0.7240033113114901,0.6480171115329467,-0.7972377132801256,-0.44288310458646996,0.918459523719114,0.937968272942608,0.7110035039218339,0.9666033709559545,0.918459523719114,0.00387024693093041,-0.037103096454910944,-0.029343399229906697,-0.6801148610617688,0.7069197548480313,-0.670926819453541,-0.44288310458646996,-0.17555247430356136,-0.13660385853525614,-0.6726526612340884,0.420222486441431,-0.2696355429299018,-0.7870361080499675,-0.6866231417866591,0.009447432497800445,0.4740239492495162
2025-02-24,0.7571588948080932,0.7067406531813187,0.7204629182606028,0.7256205513270069,-0.5955333368256654,0.1530825289135016,0.9075957061845772,0.9349458569139157,0.6877438196796044,0.966602503903697,0.9075957061845772,-0.004679464455220939,-0.04430538290771391,0.04532410375610718,-0.6342502444301774,0.7031602196586095,-0.40289756845495195,0.15308252891350138,0.05228133614587516,0.017758776628446604,-0.7101079123429286,0.24245248432733701,-0.9165275019418305,0.17129886699533192,-0.9324761431010131,0.0003931234399818795,0.3726654418273303
2025-02-25,0.7503454466291162,0.7067406531813187,0.6142466247082337,0.6288975913510435,-0.526944526080174,-0.41529878655981856,0.8844145034487096,0.9295771127586281,0.634078547734686,0.9694740906389654,0.8844145034487096,-0.04441066166310914,-0.0528547878847343,-0.06495266803281163,0.014977792144794888,0.5903693832852244,-0.3385017515954558,-0.41529878655981867,-0.2822029284857088,-0.02224032727407621,-0.22853748214627168,0.29848200282388504,-0.7913267152301302,0.22454618680745764,-0.353999304242283,-0.02627322461905468,0.4213581561311186
2025-02-26,0.6140708513846247,0.6816418002376621,0.6567331421291813,0.6885060119594475,-0.5510504964586864,0.09461864992847069,0.8740097303230978,0.9299350300470124,0.6140118248372262,0.9678988843904963,0.8740097303230978,-0.05558020806808206,-0.060547666200714945,-0.04778495257666249,-0.37705091145044034,0.6354857178345785,-0.3760327183757737,0.09461864992847047,-0.21431969394914963,0.020717363156344648,-0.5362073658186859,0.2128124229315007,-0.4470086310218465,-0.6406224803106275,-0.419078121013587,-0.03889923962407538,0.36729368790632955
2025-02-27,0.718547766708904,0.6717191118309527,0.5670392830843862,0.4826875778031017,-0.8158832152303563,-0.7730688381569091,0.8537357212899945,0.9228164612949592,0.6243932738014111,0.9295813436093596,0.8537357212899945,-0.1334479999036795,-0.06367992661210675,-0.24105426728086554,0.09466128084285907,0.5402400164372592,-0.6116897270405075,-0.7730688381569091,-0.30260301424053426,0.11461218969551124,-0.17502852259214385,0.2961385391905249,-0.833055003883661,-0.9733788788237842,0.3835596997007791,-0.08903219570629473,0.4559726884187103
2025-02-28,0.4278290922726513,0.4919413021565313,0.4738054811912791,0.5254259092571969,-0.40419497157448836,0.042584084288672,0.8423363665373385,0.9173284012632186,0.6313172946488699,0.9072625056378865,0.8423363665373385,-0.17915156172194924,-0.07763327361708361,-0.2356457120338289,-0.40202162652001927,0.44123525791959106,0.10734177632708186,0.042584084288671775,-0.1258553847403031,-0.2253662731476086,-0.5763385751947571,0.19327320155990768,-0.8121908595568956,-0.7604149868737516,-0.2816907337831229,-0.1250292311130018,0.39599437329803
2025-03-03,0.6538174097786449,0.6191865771438738,0.3675891876389099,0.3038618869427898,-0.5446799499590242,-0.8445506766646235,0.8181605821744256,0.9028924241923413,0.6857432457694537,0.8316190853360332,0.8181605821744256,-0.2879593705347159,-0.1040963964784477,-0.30283245957464056,1.018123369766387,0.3284444215462059,-0.13058440793796589,-0.8445506766646236,-0.4870530556896844,-0.3291137598214461,0.48846624661425175,0.5686703340417667,-0.5826454700847065,-0.8402783504023992,1.1211187036438415,-0.1984527558146385,0.638077150609351
2025-03-04,0.18707714849888468,0.13588814866886678,-0.04783388796219212,-0.07965730804252102,-0.03186205524928587,-1.4380679977497257,0.7691969542366983,0.8710378310375393,0.8531768593374727,0.6376684339430234,0.7691969542366983,-0.49939667304759594,-0.16191993021610784,-0.44653193287573945,0.7271934092187542,-0.11269238128103942,0.5456504604477863,-1.4380679977497257,-0.8491239300010494,-0.8189920443191843,0.6864442940692781,0.9803872706960004,-0.6452458634405567,-0.6938647226630591,0.6149504352442712,-0.3355844752443464,0.9780091936717135
2025-03-05,0.15982248937298404,0.18083237842594246,0.13745418507716023,0.10029331284913812,-0.2888370267705014,0.5710549320682254,0.7291845025732011,0.848608388086711,0.897748698459004,0.5448900731481343,0.7291845025732011,-0.5994649612221555,-0.23682849346928037,-0.3316592796505716,-0.20733255354060032,0.08406459478325345,0.0544852043544537,0.5710549320682254,-0.6934970018497009,-0.6624010088575756,0.2396551978723287,1.1422859679851376,0.6589741069344606,-0.6539305021688884,-0.7155476733283831,-0.42080205773618773,0.9962275003725969
2025-03-06,-0.0037071982024042827,0.024986229956824424,-0.04016243608183623,-0.07403351595598506,-0.3341189600782045,-0.7319345067755212,0.6747890096450895,0.8287241279997393,0.9588168473555578,0.41842333193278414,0.6747890096450895,-0.7302011578851021,-0.32569480635169357,-0.27740182172692496,-0.03205701745882317,-0.10454608427852807,-0.07616334513413825,-0.7319345067755212,-0.6791081115687299,-0.7114592046134729,-0.3168257345420086,1.0398197837384213,0.8780914044310439,-0.7138292941802975,-0.636009349181367,-0.5283153356265486,1.007659317425333
2025-03-07,-0.058216949659201545,-0.1256068877051152,-0.20833830924018326,-0.09765232722817696,-0.4608195852352486,-0.18996313906607287,0.6135079673214427,0.8102317600506601,0.9829006175230963,0.3078001628317779,0.6135079673214427,-0.8328260968571399,-0.42133013132977015,-0.6163520323881105,0.09379284636046514,-0.2174849609751166,-0.2953885303800716,-0.18996313906607298,-0.7572680974755095,-0.6494822374374096,-0.31414977627477747,0.9521832094963452,-0.8121908595568956,0.903367005692032,-0.831243041100129,-0.6260695661248123,0.9696679604728675
